Vehicle_Type,Fuel_Type,Distance_km,Mileage_kmpl,Carbon_Emitted_kg
Bus,Electric,90.0,,0.0
Motorcycle,Petrol,439.42,74.46,12.39
Motorcycle,Petrol,84.43,65.35,2.71
Car,Electric,332.24,,0.0
Bus,Petrol,108.81,3.02,96.56
Car,Diesel,363.12,23.81,40.87
Motorcycle,Petrol,386.59,65.1,12.47
Motorcycle,Electric,422.92,,0.0
Motorcycle,Petrol,420.7,50.22,17.59
Motorcycle,Electric,245.6,,0.0
Car,Hybrid,47.09,13.51,5.23
Car,Hybrid,68.47,17.94,5.72
Bus,Electric,238.95,,0.0
Motorcycle,Electric,404.64,,0.0
Motorcycle,Petrol,434.39,66.88,13.64
Bus,Petrol,72.74,3.21,60.73
Car,Electric,496.73,,0.0
Motorcycle,Petrol,272.57,62.87,9.1
Bus,Electric,368.44,,0.0
Car,Petrol,122.57,21.0,13.48
Bus,Electric,487.58,,0.0
Car,Hybrid,433.2,24.74,26.27
Car,Diesel,103.71,20.58,13.51
Motorcycle,Petrol,51.54,69.98,1.55
Bus,Petrol,160.58,4.34,99.16
Car,Hybrid,491.44,13.05,56.49
Bus,Petrol,370.84,3.16,314.51
Bus,Electric,357.08,,0.0
Bus,Petrol,106.44,4.94,57.74
Motorcycle,Petrol,218.18,38.29,11.97
Motorcycle,Petrol,18.72,55.19,0.71
Car,Diesel,135.4,18.56,19.55
Bus,Petrol,408.71,5.01,218.63
Car,Hybrid,255.87,9.82,39.08
Motorcycle,Petrol,420.52,53.57,16.48
Car,Electric,409.15,,0.0
Bus,Electric,234.38,,0.0
Motorcycle,Petrol,425.39,65.69,13.6
Motorcycle,Electric,149.94,,0.0
Motorcycle,Petrol,365.72,60.16,12.77
Car,Electric,342.34,,0.0
Bus,Electric,168.35,,0.0
Bus,Petrol,355.53,3.03,314.46
Motorcycle,Petrol,270.4,76.51,7.42
Car,Diesel,475.96,20.65,61.77
Motorcycle,Petrol,329.41,41.69,16.59
Motorcycle,Petrol,221.3,71.21,6.53
Car,Hybrid,18.23,13.89,1.97
Bus,Electric,228.37,,0.0
Car,Diesel,208.46,11.14,50.15
Motorcycle,Petrol,315.8,68.79,9.64
Car,Petrol,48.21,17.73,6.28
Motorcycle,Petrol,327.03,49.13,13.98
Car,Petrol,361.21,22.01,37.91
Bus,Electric,103.93,,0.0
Car,Hybrid,484.63,16.15,45.01
Bus,Electric,67.91,,0.0
Motorcycle,Petrol,49.14,76.67,1.35
Motorcycle,Petrol,201.18,41.05,10.29
Motorcycle,Petrol,429.77,75.83,11.9
Car,Diesel,214.63,23.17,24.83
Car,Hybrid,200.94,13.27,22.71
Bus,Petrol,101.52,4.3,63.27
Car,Electric,51.23,,0.0
Bus,Electric,253.58,,0.0
Motorcycle,Petrol,138.49,49.48,5.88
Motorcycle,Petrol,180.87,72.31,5.25
Motorcycle,Electric,388.09,,0.0
Bus,Electric,368.53,,0.0
Motorcycle,Electric,131.07,,0.0
Motorcycle,Petrol,305.48,47.44,13.52
Car,Hybrid,161.7,13.5,17.97
Bus,Electric,142.65,,0.0
Car,Electric,87.66,,0.0
Bus,Petrol,102.36,3.83,71.63
Car,Electric,274.08,,0.0
Bus,Electric,381.59,,0.0
Bus,Petrol,13.07,3.7,9.47
Bus,Electric,224.15,,0.0
Car,Hybrid,449.23,19.1,35.28
Car,Diesel,228.19,21.56,28.36
Motorcycle,Electric,316.28,,0.0
Car,Diesel,123.94,23.34,14.23
Bus,Electric,87.99,,0.0
Bus,Electric,112.33,,0.0
Motorcycle,Petrol,414.29,57.72,15.07
Motorcycle,Electric,23.91,,0.0
Motorcycle,Petrol,189.95,74.94,5.32
Car,Diesel,51.08,10.15,13.49
Motorcycle,Electric,77.55,,0.0
Motorcycle,Electric,363.24,,0.0
Motorcycle,Electric,76.02,,0.0
Car,Electric,45.85,,0.0
Motorcycle,Electric,178.69,,0.0
Motorcycle,Petrol,173.91,30.66,11.91
Motorcycle,Electric,496.13,,0.0
Motorcycle,Petrol,332.9,49.18,14.21
Car,Electric,373.05,,0.0
Bus,Petrol,287.64,5.17,149.11
Motorcycle,Electric,142.76,,0.0
Motorcycle,Electric,95.18,,0.0
Car,Petrol,8.79,15.75,1.29
Car,Electric,134.08,,0.0
Car,Petrol,228.67,19.64,26.9
Car,Electric,42.2,,0.0
Bus,Petrol,244.55,5.3,123.66
Motorcycle,Electric,436.72,,0.0
Motorcycle,Electric,295.66,,0.0
Bus,Petrol,466.39,5.8,215.5
Motorcycle,Electric,231.09,,0.0
Motorcycle,Petrol,372.33,54.14,14.44
Bus,Petrol,425.51,5.43,210.01
Motorcycle,Petrol,454.63,65.2,14.64
Motorcycle,Petrol,453.94,73.21,13.02
Bus,Petrol,51.96,4.75,29.32
Car,Diesel,275.66,15.71,47.03
Car,Diesel,335.41,21.01,42.78
Bus,Electric,182.57,,0.0
Bus,Petrol,37.97,5.5,18.5
Car,Hybrid,302.5,14.65,30.97
Bus,Electric,332.61,,0.0
Car,Hybrid,23.33,21.08,1.66
Bus,Electric,415.56,,0.0
Car,Hybrid,93.05,14.85,9.4
Motorcycle,Petrol,410.79,46.69,18.48
Motorcycle,Electric,358.5,,0.0
Car,Hybrid,111.2,14.73,11.32
Bus,Petrol,212.9,5.95,95.89
Car,Diesel,14.03,12.28,3.06
Bus,Electric,391.39,,0.0
Motorcycle,Electric,157.86,,0.0
Bus,Electric,221.66,,0.0
Motorcycle,Electric,314.78,,0.0
Car,Electric,269.54,,0.0
Motorcycle,Petrol,109.63,53.76,4.28
Motorcycle,Electric,18.69,,0.0
Bus,Petrol,398.21,5.74,185.92
Car,Electric,419.18,,0.0
Bus,Petrol,26.19,3.04,23.09
Car,Hybrid,489.16,21.54,34.06
Motorcycle,Petrol,248.18,30.12,17.3
Motorcycle,Petrol,188.71,42.16,9.4
Bus,Electric,431.91,,0.0
Motorcycle,Petrol,72.5,38.02,4.0
Car,Hybrid,411.13,16.66,37.02
Motorcycle,Electric,247.78,,0.0
Bus,Electric,358.99,,0.0
Motorcycle,Petrol,186.22,36.9,10.6
Car,Petrol,475.79,8.91,123.35
Motorcycle,Petrol,286.64,32.92,18.29
Car,Diesel,354.43,15.45,61.48
Motorcycle,Electric,149.99,,0.0
Car,Petrol,364.43,23.45,35.9
Car,Electric,134.46,,0.0
Car,Hybrid,18.29,13.86,1.98
Car,Petrol,439.74,8.18,124.18
Car,Hybrid,460.59,11.96,57.77
Motorcycle,Petrol,274.07,38.95,14.78
Motorcycle,Electric,108.9,,0.0
Car,Petrol,176.75,9.45,43.21
Car,Diesel,355.12,15.29,62.24
Bus,Petrol,310.22,3.5,237.54
Motorcycle,Electric,132.94,,0.0
Motorcycle,Electric,204.23,,0.0
Car,Diesel,337.24,8.89,101.67
Car,Electric,367.94,,0.0
Motorcycle,Electric,485.37,,0.0
Bus,Electric,407.08,,0.0
Car,Electric,292.15,,0.0
Bus,Electric,220.09,,0.0
Bus,Petrol,161.43,3.65,118.53
Motorcycle,Electric,418.86,,0.0
Car,Diesel,298.69,10.0,80.05
Car,Electric,344.39,,0.0
Motorcycle,Electric,215.19,,0.0
Car,Diesel,478.66,8.62,148.82
Bus,Petrol,208.87,4.29,130.48
Car,Petrol,25.54,24.2,2.44
Motorcycle,Petrol,472.35,40.25,24.64
Car,Hybrid,367.42,21.28,25.9
Motorcycle,Electric,402.94,,0.0
Car,Hybrid,68.9,20.35,5.08
Bus,Electric,90.09,,0.0
Motorcycle,Electric,209.08,,0.0
Car,Electric,438.84,,0.0
Motorcycle,Petrol,466.53,30.69,31.92
Car,Petrol,341.42,12.4,63.6
Car,Electric,378.05,,0.0
Car,Diesel,391.1,17.43,60.13
Car,Petrol,171.23,15.01,26.35
Motorcycle,Electric,232.67,,0.0
Bus,Petrol,159.74,5.23,81.86
Car,Diesel,24.17,11.55,5.61
Motorcycle,Petrol,195.37,60.71,6.76
Bus,Petrol,348.23,3.81,244.95
Motorcycle,Petrol,217.51,62.11,7.35
Car,Hybrid,203.83,20.12,15.2
Motorcycle,Electric,319.51,,0.0
Bus,Electric,462.83,,0.0
Motorcycle,Electric,410.74,,0.0
Bus,Electric,5.9,,0.0
Car,Petrol,272.49,9.35,67.32
Motorcycle,Electric,152.65,,0.0
Motorcycle,Petrol,468.42,68.16,14.43
Motorcycle,Petrol,336.49,45.01,15.7
Bus,Electric,352.17,,0.0
Motorcycle,Petrol,86.65,60.66,3.0
Car,Electric,161.44,,0.0
Motorcycle,Petrol,147.47,38.61,8.02
Bus,Electric,230.06,,0.0
Car,Diesel,130.09,18.02,19.35
Motorcycle,Electric,459.44,,0.0
Bus,Electric,159.02,,0.0
Bus,Petrol,65.7,5.7,30.89
Motorcycle,Electric,142.46,,0.0
Motorcycle,Petrol,106.41,60.05,3.72
Car,Petrol,133.86,9.07,34.09
Car,Hybrid,127.96,15.48,12.4
Motorcycle,Electric,53.97,,0.0
Motorcycle,Electric,47.37,,0.0
Bus,Petrol,108.17,4.72,61.42
Motorcycle,Petrol,92.73,47.89,4.07
Car,Diesel,104.57,15.4,18.2
Car,Diesel,237.95,21.29,29.95
Bus,Electric,273.16,,0.0
Motorcycle,Petrol,266.04,60.95,9.17
Car,Electric,106.94,,0.0
Bus,Electric,10.05,,0.0
Motorcycle,Petrol,18.19,45.13,0.85
Car,Petrol,353.43,17.29,47.22
Motorcycle,Electric,41.42,,0.0
Car,Hybrid,202.9,15.99,19.03
Motorcycle,Electric,159.79,,0.0
Car,Electric,175.65,,0.0
Motorcycle,Electric,42.55,,0.0
Car,Electric,366.07,,0.0
Motorcycle,Petrol,272.87,48.73,11.76
Car,Diesel,488.7,19.1,68.57
Car,Hybrid,450.3,21.86,30.9
Motorcycle,Electric,138.5,,0.0
Bus,Petrol,382.21,5.19,197.36
Car,Electric,496.42,,0.0
Motorcycle,Electric,351.02,,0.0
Bus,Petrol,168.93,4.17,108.57
Car,Petrol,207.52,14.31,33.5
Bus,Electric,33.57,,0.0
Bus,Petrol,76.94,5.58,36.95
Car,Petrol,149.45,16.62,20.77
Car,Diesel,234.04,8.43,74.4
Bus,Electric,441.9,,0.0
Bus,Petrol,111.61,4.03,74.22
Car,Electric,68.89,,0.0
Car,Electric,66.79,,0.0
Bus,Electric,116.32,,0.0
Bus,Petrol,110.32,5.29,55.89
Car,Petrol,35.67,17.11,4.82
Bus,Electric,127.66,,0.0
Car,Hybrid,167.03,17.73,14.13
Car,Petrol,493.4,19.37,58.84
Motorcycle,Petrol,464.41,41.06,23.75
Motorcycle,Electric,239.42,,0.0
Motorcycle,Petrol,107.9,51.38,4.41
Bus,Petrol,106.24,4.4,64.71
Bus,Petrol,214.08,4.54,126.37
Motorcycle,Petrol,491.4,54.78,18.84
Motorcycle,Petrol,142.98,50.4,5.96
Bus,Petrol,210.38,3.2,176.19
Car,Petrol,92.91,23.07,9.3
Motorcycle,Electric,233.96,,0.0
Motorcycle,Electric,435.54,,0.0
Car,Diesel,268.93,19.03,37.87
Car,Electric,273.3,,0.0
Car,Hybrid,417.43,8.06,77.69
Motorcycle,Electric,139.69,,0.0
Motorcycle,Petrol,218.73,34.38,13.36
Car,Diesel,336.43,19.65,45.88
Motorcycle,Electric,466.56,,0.0
Car,Petrol,62.34,24.84,5.8
Car,Electric,38.87,,0.0
Motorcycle,Electric,438.99,,0.0
Bus,Petrol,472.45,4.87,259.99
Motorcycle,Petrol,13.02,46.31,0.59
Bus,Petrol,422.37,4.47,253.23
Motorcycle,Petrol,284.44,65.29,9.15
Motorcycle,Electric,96.69,,0.0
Bus,Petrol,461.42,4.12,300.15
Bus,Petrol,126.59,3.31,102.5
Bus,Petrol,310.69,4.74,175.66
Car,Diesel,441.49,19.8,59.76
Motorcycle,Petrol,73.17,76.35,2.01
Motorcycle,Petrol,250.89,76.58,6.88
Car,Diesel,449.82,13.27,90.85
Motorcycle,Petrol,396.09,60.2,13.82
Car,Electric,427.67,,0.0
Motorcycle,Electric,208.45,,0.0
Car,Diesel,302.22,22.96,35.28
Bus,Electric,19.07,,0.0
Motorcycle,Petrol,340.62,63.59,11.25
Motorcycle,Electric,63.5,,0.0
Car,Hybrid,107.57,21.65,7.45
Motorcycle,Petrol,127.57,51.97,5.15
Bus,Petrol,157.75,3.05,138.61
Car,Hybrid,44.6,8.53,7.84
Bus,Electric,34.94,,0.0
Bus,Petrol,119.62,5.5,58.29
Car,Diesel,29.28,24.41,3.21
Car,Petrol,284.04,11.31,58.01
Bus,Petrol,174.95,5.43,86.35
Car,Diesel,143.33,8.38,45.84
Bus,Petrol,476.89,3.92,326.04
Bus,Electric,289.67,,0.0
Bus,Petrol,161.64,4.09,105.92
Car,Petrol,404.26,17.97,51.97
Car,Diesel,199.86,11.41,46.94
Car,Petrol,191.94,22.91,19.35
Car,Hybrid,171.49,17.7,14.53
Car,Electric,165.44,,0.0
Car,Diesel,487.29,19.78,66.02
Car,Hybrid,96.38,21.58,6.7
Car,Petrol,250.96,11.95,48.51
Bus,Petrol,64.49,4.02,42.99
Motorcycle,Petrol,5.83,42.7,0.29
Car,Electric,103.52,,0.0
Bus,Petrol,444.2,4.37,272.42
Bus,Electric,68.95,,0.0
Car,Electric,272.79,,0.0
Motorcycle,Petrol,209.32,63.49,6.92
Motorcycle,Electric,123.58,,0.0
Car,Electric,488.49,,0.0
Motorcycle,Electric,176.47,,0.0
Motorcycle,Electric,30.8,,0.0
Car,Hybrid,149.68,8.29,27.08
Bus,Petrol,24.03,3.19,20.19
Car,Petrol,60.0,22.15,6.26
Car,Diesel,439.34,14.56,80.87
Bus,Petrol,426.02,3.61,316.27
Bus,Electric,436.2,,0.0
Car,Hybrid,471.79,20.49,34.54
Car,Diesel,386.23,16.71,61.94
Car,Hybrid,245.18,15.65,23.5
Car,Hybrid,404.14,23.81,25.46
Bus,Petrol,303.2,3.72,218.43
Motorcycle,Electric,484.36,,0.0
Car,Diesel,411.8,15.92,69.32
Motorcycle,Electric,407.41,,0.0
Motorcycle,Petrol,201.15,40.52,10.42
Car,Petrol,413.66,17.75,53.83
Bus,Petrol,179.45,4.42,108.81
Car,Diesel,420.91,11.9,94.79
Car,Diesel,486.55,21.37,61.02
Bus,Petrol,487.85,5.45,239.9
Motorcycle,Petrol,272.37,30.58,18.7
Bus,Petrol,409.34,3.4,322.66
Car,Hybrid,385.76,21.76,26.59
Bus,Petrol,89.61,5.48,43.82
Motorcycle,Petrol,204.13,62.37,6.87
Motorcycle,Electric,185.22,,0.0
Motorcycle,Petrol,42.66,62.7,1.43
Car,Petrol,169.16,24.41,16.01
Bus,Electric,422.96,,0.0
Car,Electric,14.06,,0.0
Motorcycle,Electric,290.28,,0.0
Motorcycle,Electric,211.02,,0.0
Car,Hybrid,52.38,15.37,5.11
Bus,Electric,171.6,,0.0
Car,Petrol,66.86,18.74,8.24
Motorcycle,Electric,74.01,,0.0
Car,Electric,218.73,,0.0
Car,Diesel,492.9,15.4,85.78
Motorcycle,Petrol,435.04,69.55,13.14
Bus,Petrol,262.52,3.53,199.31
Bus,Electric,194.07,,0.0
Motorcycle,Petrol,319.3,49.93,13.43
Motorcycle,Petrol,392.26,71.76,11.48
Car,Hybrid,450.55,15.41,43.86
Motorcycle,Petrol,231.72,53.87,9.03
Car,Petrol,305.46,9.61,73.42
Motorcycle,Electric,36.69,,0.0
Bus,Petrol,240.65,3.27,197.23
Car,Diesel,327.2,14.79,59.29
Bus,Petrol,475.46,3.48,366.16
Car,Hybrid,394.32,15.19,38.94
Motorcycle,Electric,418.03,,0.0
Car,Petrol,279.36,21.92,29.44
Motorcycle,Petrol,148.21,60.4,5.15
Motorcycle,Petrol,366.44,77.35,9.95
Bus,Electric,226.59,,0.0
Motorcycle,Electric,466.99,,0.0
Car,Electric,176.07,,0.0
Motorcycle,Electric,119.87,,0.0
Motorcycle,Electric,397.53,,0.0
Motorcycle,Petrol,241.32,30.09,16.84
Motorcycle,Petrol,330.36,69.92,9.92
Motorcycle,Petrol,364.42,54.29,14.1
Car,Diesel,443.4,13.18,90.16
Car,Petrol,390.41,11.49,78.49
Car,Hybrid,308.79,22.13,20.93
Bus,Electric,384.65,,0.0
Bus,Petrol,77.46,4.88,42.54
Motorcycle,Electric,218.69,,0.0
Car,Diesel,155.14,18.01,23.09
Car,Diesel,10.55,24.49,1.15
Motorcycle,Petrol,324.06,49.14,13.85
Bus,Petrol,80.05,3.65,58.78
Bus,Petrol,216.78,4.82,120.53
Bus,Petrol,324.05,5.82,149.22
Car,Diesel,24.03,17.12,3.76
Motorcycle,Petrol,239.66,60.48,8.32
Motorcycle,Petrol,39.04,59.21,1.38
Bus,Petrol,457.55,3.39,361.72
Motorcycle,Petrol,128.67,58.35,4.63
Motorcycle,Electric,141.8,,0.0
Car,Diesel,205.36,24.78,22.21
Bus,Petrol,137.37,3.04,121.1
Car,Petrol,271.1,14.3,43.79
Car,Electric,339.24,,0.0
Car,Petrol,300.51,8.99,77.22
Motorcycle,Electric,106.45,,0.0
Car,Hybrid,254.12,13.5,28.24
Car,Petrol,477.51,11.83,93.24
Car,Diesel,16.5,12.34,3.58
Bus,Petrol,348.7,4.95,188.79
Car,Diesel,220.26,8.65,68.24
Car,Hybrid,325.76,13.68,35.72
Car,Hybrid,330.96,12.3,40.36
Bus,Electric,46.28,,0.0
Bus,Petrol,129.12,5.79,59.77
Car,Electric,185.97,,0.0
Bus,Petrol,233.17,3.69,169.35
Motorcycle,Electric,24.96,,0.0
Motorcycle,Petrol,202.14,71.53,5.93
Car,Diesel,463.72,15.37,80.86
Car,Petrol,10.35,24.29,0.98
Car,Petrol,254.25,15.02,39.1
Bus,Petrol,424.56,5.91,192.52
Motorcycle,Electric,350.87,,0.0
Bus,Electric,333.23,,0.0
Car,Diesel,351.89,10.29,91.65
Motorcycle,Petrol,133.13,41.2,6.79
Bus,Electric,370.12,,0.0
Car,Electric,245.13,,0.0
Car,Electric,443.51,,0.0
Car,Hybrid,311.49,20.8,22.46
Bus,Petrol,108.17,5.84,49.64
Car,Diesel,358.56,20.96,45.85
Bus,Electric,185.62,,0.0
Bus,Electric,405.71,,0.0
Bus,Electric,291.51,,0.0
Car,Electric,412.96,,0.0
Motorcycle,Electric,410.49,,0.0
Motorcycle,Petrol,225.97,50.54,9.39
Motorcycle,Electric,147.22,,0.0
Car,Hybrid,234.07,15.51,22.64
Bus,Petrol,10.26,5.5,5.0
Bus,Petrol,7.44,4.75,4.2
Car,Petrol,221.94,9.71,52.8
Bus,Electric,205.64,,0.0
Motorcycle,Petrol,435.97,58.32,15.7
Bus,Electric,251.21,,0.0
Bus,Petrol,181.61,5.08,95.81
Bus,Electric,349.63,,0.0
Car,Hybrid,285.29,13.98,30.61
Motorcycle,Petrol,130.79,72.45,3.79
Motorcycle,Electric,445.22,,0.0
Motorcycle,Electric,387.12,,0.0
Motorcycle,Petrol,199.53,36.61,11.45
Motorcycle,Electric,201.21,,0.0
Motorcycle,Petrol,276.14,42.58,13.62
Bus,Electric,52.53,,0.0
Motorcycle,Petrol,408.48,30.96,27.71
Bus,Electric,234.03,,0.0
Bus,Petrol,316.6,4.9,173.16
Bus,Petrol,113.75,5.98,50.98
Motorcycle,Petrol,241.97,30.95,16.42
Motorcycle,Petrol,326.13,78.8,8.69
Bus,Electric,304.84,,0.0
Bus,Petrol,410.89,4.44,248.01
Bus,Electric,329.93,,0.0
Car,Diesel,11.75,17.77,1.77
Bus,Petrol,19.11,5.1,10.04
Motorcycle,Electric,57.34,,0.0
Motorcycle,Petrol,405.77,60.19,14.16
Motorcycle,Petrol,446.76,49.75,18.86
Bus,Petrol,455.12,4.65,262.31
Car,Electric,221.49,,0.0
Motorcycle,Electric,383.74,,0.0
Motorcycle,Petrol,15.04,42.47,0.74
Car,Hybrid,496.25,20.0,37.22
Car,Petrol,430.58,20.49,48.54
Bus,Petrol,439.2,3.94,298.75
Car,Hybrid,490.65,11.02,66.79
Motorcycle,Petrol,225.36,66.08,7.16
Motorcycle,Electric,142.51,,0.0
Bus,Electric,228.51,,0.0
Motorcycle,Electric,445.75,,0.0
Car,Hybrid,232.96,20.3,17.21
Bus,Petrol,421.77,3.69,306.33
Motorcycle,Electric,245.08,,0.0
Motorcycle,Electric,238.77,,0.0
Car,Petrol,322.18,19.1,38.97
Car,Hybrid,207.53,13.99,22.25
Motorcycle,Electric,342.04,,0.0
Motorcycle,Electric,196.79,,0.0
Car,Electric,122.92,,0.0
Bus,Electric,258.07,,0.0
Car,Hybrid,426.02,22.96,27.83
Car,Hybrid,345.72,21.04,24.65
Car,Petrol,164.59,19.94,19.07
Motorcycle,Electric,420.22,,0.0
Motorcycle,Petrol,431.69,44.84,20.22
Car,Hybrid,171.25,21.75,11.81
Motorcycle,Petrol,409.98,75.22,11.45
Car,Petrol,59.92,20.69,6.69
Car,Diesel,180.21,12.98,37.21
Car,Diesel,105.61,14.49,19.53
Motorcycle,Electric,337.5,,0.0
Motorcycle,Electric,408.29,,0.0
Motorcycle,Petrol,334.29,45.43,15.45
Motorcycle,Petrol,485.28,53.48,19.06
Bus,Petrol,141.29,5.84,64.84
Motorcycle,Petrol,398.62,48.28,17.34
Bus,Electric,483.0,,0.0
Motorcycle,Petrol,152.0,32.68,9.77
Car,Electric,11.53,,0.0
Car,Electric,225.13,,0.0
Motorcycle,Electric,304.12,,0.0
Motorcycle,Petrol,240.61,67.94,7.44
Car,Petrol,471.92,11.2,97.33
Bus,Electric,475.85,,0.0
Car,Hybrid,7.19,14.87,0.73
Car,Hybrid,391.55,11.49,51.12
Motorcycle,Electric,191.19,,0.0
Bus,Electric,420.06,,0.0
Motorcycle,Electric,47.74,,0.0
Bus,Electric,286.91,,0.0
Bus,Electric,212.29,,0.0
Motorcycle,Electric,212.26,,0.0
Car,Petrol,491.51,9.66,117.53
Car,Diesel,203.91,17.98,30.39
Car,Petrol,288.75,11.9,56.05
Motorcycle,Petrol,441.27,47.55,19.49
Car,Diesel,262.62,9.97,70.59
Car,Diesel,296.55,17.02,46.7
Bus,Electric,288.55,,0.0
Motorcycle,Petrol,147.77,41.91,7.4
Car,Petrol,413.61,22.44,42.58
Bus,Electric,417.92,,0.0
Bus,Petrol,84.0,4.91,45.85
Car,Diesel,184.05,23.92,20.62
Car,Diesel,216.54,21.26,27.3
Motorcycle,Petrol,199.82,73.98,5.67
Bus,Petrol,58.32,4.19,37.3
Car,Hybrid,34.44,17.43,2.96
Bus,Electric,355.56,,0.0
Car,Petrol,119.57,13.23,20.88
Bus,Petrol,101.32,3.76,72.22
Bus,Petrol,481.43,4.19,307.93
Car,Hybrid,75.45,19.06,5.94
Bus,Petrol,132.87,3.55,100.31
Bus,Electric,221.53,,0.0
Car,Electric,390.38,,0.0
Motorcycle,Electric,82.63,,0.0
Motorcycle,Electric,297.43,,0.0
Car,Electric,399.75,,0.0
Car,Petrol,119.65,17.66,15.65
Motorcycle,Electric,279.46,,0.0
Car,Petrol,462.5,20.92,51.07
Motorcycle,Petrol,272.06,65.38,8.74
Motorcycle,Petrol,220.86,72.74,6.38
Car,Hybrid,262.55,21.0,18.75
Car,Petrol,414.67,21.78,43.98
Car,Electric,449.96,,0.0
Car,Petrol,56.29,16.62,7.82
Car,Hybrid,454.15,24.61,27.68
Car,Hybrid,347.34,19.09,27.29
Bus,Electric,95.7,,0.0
Motorcycle,Petrol,46.91,65.4,1.51
Motorcycle,Electric,347.83,,0.0
Car,Hybrid,422.87,9.12,69.55
Motorcycle,Electric,7.9,,0.0
Motorcycle,Petrol,158.64,36.88,9.03
Car,Diesel,231.58,24.28,25.56
Car,Hybrid,121.01,12.32,14.73
Bus,Petrol,82.22,5.84,37.73
Bus,Electric,329.15,,0.0
Bus,Electric,463.9,,0.0
Bus,Electric,462.96,,0.0
Motorcycle,Petrol,392.05,60.98,13.5
Bus,Petrol,479.99,3.44,373.95
Motorcycle,Petrol,334.25,58.49,12.0
Bus,Petrol,157.55,5.09,82.95
Bus,Electric,260.95,,0.0
Car,Diesel,167.03,13.82,32.39
Motorcycle,Petrol,88.99,76.37,2.45
Car,Diesel,191.97,20.57,25.01
Bus,Petrol,117.83,5.03,62.78
Bus,Electric,80.02,,0.0
Motorcycle,Petrol,77.09,63.15,2.56
Bus,Electric,475.72,,0.0
Car,Petrol,249.9,18.56,31.1
Motorcycle,Petrol,343.15,31.55,22.84
Car,Electric,176.47,,0.0
Motorcycle,Petrol,176.91,34.36,10.81
Bus,Electric,243.79,,0.0
Bus,Electric,14.38,,0.0
Motorcycle,Petrol,445.35,47.16,19.83
Car,Petrol,249.94,23.88,24.18
Bus,Electric,301.09,,0.0
Car,Hybrid,434.74,21.23,30.72
Bus,Petrol,43.75,5.1,22.99
Motorcycle,Electric,414.58,,0.0
Bus,Electric,401.74,,0.0
Car,Hybrid,7.86,22.95,0.51
Car,Hybrid,58.85,12.1,7.3
Car,Electric,88.29,,0.0
Car,Diesel,179.73,9.97,48.31
Car,Petrol,22.53,13.4,3.88
Bus,Petrol,309.16,3.91,211.91
Motorcycle,Petrol,219.21,79.76,5.77
Car,Petrol,425.23,21.41,45.88
Bus,Electric,114.54,,0.0
Motorcycle,Petrol,170.6,38.0,9.43
Car,Diesel,398.57,9.19,116.23
Bus,Petrol,81.97,3.52,62.41
Motorcycle,Electric,118.41,,0.0
Bus,Petrol,353.03,3.81,248.33
Motorcycle,Electric,441.91,,0.0
Car,Electric,68.77,,0.0
Car,Diesel,8.18,24.14,0.91
Bus,Petrol,388.71,3.08,338.23
Car,Diesel,468.53,19.81,63.39
Car,Electric,46.8,,0.0
Bus,Electric,254.8,,0.0
Motorcycle,Electric,101.52,,0.0
Motorcycle,Petrol,88.09,56.91,3.25
Bus,Petrol,349.54,3.88,241.43
Car,Electric,419.36,,0.0
Car,Hybrid,55.97,17.61,4.77
Motorcycle,Petrol,302.28,32.34,19.63
Bus,Petrol,428.62,5.91,194.37
Motorcycle,Electric,49.98,,0.0
Motorcycle,Petrol,166.61,57.63,6.07
Car,Electric,68.4,,0.0
Bus,Petrol,195.43,3.06,171.16
Bus,Electric,323.51,,0.0
Motorcycle,Electric,467.9,,0.0
Car,Petrol,126.31,14.6,19.98
Bus,Electric,498.38,,0.0
Car,Diesel,57.68,16.46,9.39
Bus,Electric,303.14,,0.0
Car,Hybrid,389.07,22.31,26.16
Motorcycle,Petrol,157.73,71.57,4.63
Bus,Electric,435.24,,0.0
Bus,Petrol,454.26,3.57,341.01
Motorcycle,Petrol,105.01,68.24,3.23
Motorcycle,Petrol,312.48,32.97,19.9
Car,Diesel,28.87,11.95,6.47
Bus,Electric,344.81,,0.0
Motorcycle,Electric,425.38,,0.0
Motorcycle,Electric,353.14,,0.0
Car,Diesel,326.41,12.61,69.37
Bus,Petrol,306.45,5.21,157.64
Car,Hybrid,454.08,10.83,62.89
Motorcycle,Petrol,235.45,52.35,9.44
Motorcycle,Petrol,271.11,46.19,12.33
Car,Petrol,267.96,10.82,57.21
Bus,Petrol,218.43,5.12,114.33
Motorcycle,Electric,376.98,,0.0
Motorcycle,Electric,344.52,,0.0
Motorcycle,Electric,230.4,,0.0
Car,Petrol,363.18,21.39,39.22
Car,Electric,30.66,,0.0
Bus,Petrol,85.94,5.64,40.84
Car,Diesel,306.23,13.29,61.75
Bus,Petrol,455.57,3.6,339.15
Bus,Electric,40.05,,0.0
Bus,Electric,348.43,,0.0
Car,Hybrid,131.98,24.28,8.15
Bus,Electric,296.66,,0.0
Motorcycle,Electric,105.73,,0.0
Motorcycle,Petrol,281.29,51.7,11.43
Bus,Petrol,425.79,5.21,219.02
Bus,Petrol,26.42,3.96,17.88
Bus,Electric,141.16,,0.0
Motorcycle,Petrol,79.68,46.15,3.63
Bus,Electric,442.52,,0.0
Car,Diesel,461.65,17.85,69.31
Bus,Electric,243.69,,0.0
Car,Diesel,172.51,22.64,20.42
Motorcycle,Electric,9.97,,0.0
Car,Electric,442.72,,0.0
Car,Hybrid,152.71,10.5,21.82
Car,Electric,350.21,,0.0
Bus,Electric,46.24,,0.0
Car,Diesel,443.28,10.41,114.12
Car,Electric,210.94,,0.0
Car,Hybrid,202.98,22.5,13.53
Motorcycle,Electric,392.32,,0.0
Bus,Electric,225.73,,0.0
Motorcycle,Petrol,339.39,53.18,13.4
Car,Electric,424.51,,0.0
Motorcycle,Petrol,376.8,39.04,20.27
Car,Hybrid,106.53,9.55,16.73
Car,Hybrid,457.7,22.79,30.13
Motorcycle,Electric,35.37,,0.0
Car,Diesel,10.81,9.81,2.95
Bus,Petrol,265.56,4.83,147.35
Bus,Petrol,143.94,3.58,107.75
Car,Electric,330.15,,0.0
Motorcycle,Electric,477.75,,0.0
Car,Hybrid,103.9,20.02,7.78
Bus,Petrol,24.45,5.97,10.98
Bus,Electric,152.91,,0.0
Motorcycle,Electric,293.45,,0.0
Bus,Petrol,54.12,4.57,31.74
Car,Petrol,276.71,11.15,57.33
Bus,Petrol,234.64,3.08,204.17
Car,Diesel,14.92,23.85,1.68
Motorcycle,Petrol,122.36,75.89,3.39
Bus,Electric,141.73,,0.0
Motorcycle,Petrol,130.18,41.24,6.63
Bus,Electric,469.81,,0.0
Bus,Electric,364.46,,0.0
Bus,Electric,166.92,,0.0
Motorcycle,Electric,220.96,,0.0
Motorcycle,Petrol,344.25,51.03,14.17
Car,Hybrid,344.86,22.26,23.24
Motorcycle,Petrol,52.26,30.31,3.62
Car,Hybrid,57.87,11.25,7.72
Motorcycle,Petrol,439.73,79.36,11.64
Motorcycle,Petrol,280.62,74.43,7.92
Car,Diesel,236.67,10.9,58.19
Bus,Petrol,39.56,5.9,17.97
Bus,Electric,226.37,,0.0
Bus,Petrol,8.78,4.53,5.19
Bus,Electric,43.43,,0.0
Motorcycle,Petrol,83.23,64.1,2.73
Bus,Electric,23.51,,0.0
Motorcycle,Electric,317.48,,0.0
Car,Petrol,304.6,20.99,33.52
Car,Hybrid,215.81,18.25,17.74
Motorcycle,Petrol,220.04,47.86,9.65
Motorcycle,Electric,69.3,,0.0
Motorcycle,Electric,304.67,,0.0
Bus,Petrol,331.64,3.18,279.5
Motorcycle,Petrol,491.25,78.36,13.17
Car,Hybrid,497.18,22.9,32.57
Bus,Petrol,239.81,5.13,125.28
Motorcycle,Petrol,204.32,41.85,10.25
Car,Electric,409.86,,0.0
Car,Petrol,322.1,9.81,75.85
Motorcycle,Electric,172.14,,0.0
Car,Petrol,247.05,20.29,28.13
Motorcycle,Petrol,164.17,73.3,4.7
Car,Petrol,260.55,19.78,30.43
Car,Electric,363.87,,0.0
Motorcycle,Electric,310.7,,0.0
Motorcycle,Petrol,417.67,70.23,12.49
Bus,Electric,5.6,,0.0
Motorcycle,Electric,310.65,,0.0
Car,Hybrid,473.23,23.04,30.81
Bus,Petrol,496.04,5.2,255.65
Motorcycle,Electric,237.73,,0.0
Car,Electric,41.46,,0.0
Motorcycle,Petrol,485.91,72.94,13.99
Motorcycle,Petrol,461.08,51.4,18.84
Car,Diesel,252.71,22.73,29.8
Car,Hybrid,377.72,19.94,28.41
Car,Petrol,173.35,20.26,19.76
Car,Electric,95.28,,0.0
Motorcycle,Petrol,193.76,69.54,5.85
Bus,Electric,200.87,,0.0
Motorcycle,Electric,456.01,,0.0
Car,Diesel,411.48,20.93,52.69
Motorcycle,Petrol,124.78,59.8,4.38
Car,Hybrid,35.25,8.35,6.33
Bus,Electric,112.44,,0.0
Motorcycle,Petrol,73.41,42.42,3.63
Motorcycle,Petrol,234.68,79.28,6.22
Motorcycle,Electric,387.72,,0.0
Motorcycle,Petrol,328.72,75.43,9.15
Car,Hybrid,80.83,17.56,6.9
Car,Diesel,37.39,22.94,4.37
Bus,Petrol,135.96,5.99,60.83
Motorcycle,Electric,41.47,,0.0
Car,Electric,439.13,,0.0
Bus,Electric,117.91,,0.0
Motorcycle,Electric,248.89,,0.0
Bus,Petrol,149.95,4.46,90.1
Motorcycle,Electric,152.87,,0.0
Motorcycle,Petrol,367.91,69.76,11.08
Motorcycle,Electric,446.88,,0.0
Bus,Petrol,445.62,5.24,227.91
Motorcycle,Petrol,249.02,40.37,12.95
Car,Hybrid,272.93,15.85,25.83
Motorcycle,Electric,267.22,,0.0
Bus,Petrol,241.28,3.39,190.75
Car,Electric,145.44,,0.0
Bus,Petrol,348.43,3.73,250.35
Motorcycle,Petrol,483.74,77.62,13.09
Car,Petrol,148.79,15.87,21.66
Motorcycle,Petrol,299.24,37.23,16.88
Motorcycle,Petrol,127.05,63.52,4.2
Car,Hybrid,422.33,22.95,27.6
Motorcycle,Petrol,390.7,77.74,10.55
Car,Diesel,62.22,9.92,16.81
Bus,Petrol,201.23,5.0,107.86
Motorcycle,Petrol,446.19,61.95,15.13
Bus,Petrol,264.23,5.92,119.62
Motorcycle,Petrol,85.48,76.45,2.35
Car,Hybrid,7.72,19.81,0.58
Bus,Electric,480.27,,0.0
Bus,Petrol,109.56,3.78,77.68
Bus,Electric,318.77,,0.0
Car,Hybrid,194.75,9.3,31.41
Bus,Electric,290.7,,0.0
Motorcycle,Electric,25.83,,0.0
Car,Diesel,220.19,10.42,56.63
Car,Petrol,27.92,18.73,3.44
Bus,Petrol,167.75,5.26,85.47
Motorcycle,Electric,325.09,,0.0
Bus,Electric,42.11,,0.0
Bus,Petrol,85.04,4.22,54.01
Bus,Electric,405.62,,0.0
Motorcycle,Petrol,86.01,78.61,2.3
Car,Petrol,35.22,24.26,3.35
Bus,Petrol,308.38,3.68,224.58
Bus,Petrol,385.0,4.36,236.65
Bus,Petrol,73.2,4.2,46.71
Motorcycle,Petrol,341.96,59.86,12.0
Car,Diesel,163.37,24.46,17.9
Bus,Electric,154.26,,0.0
Car,Hybrid,315.48,10.25,46.17
Motorcycle,Electric,47.85,,0.0
Bus,Electric,145.95,,0.0
Bus,Petrol,241.22,5.19,124.56
Car,Petrol,353.13,23.35,34.93
Car,Diesel,104.48,16.63,16.84
Car,Electric,145.07,,0.0
Bus,Electric,499.15,,0.0
Motorcycle,Electric,80.6,,0.0
Car,Hybrid,410.16,9.98,61.65
Bus,Electric,104.98,,0.0
Motorcycle,Electric,40.92,,0.0
Car,Electric,399.13,,0.0
Motorcycle,Electric,144.79,,0.0
Motorcycle,Electric,463.08,,0.0
Bus,Electric,85.37,,0.0
Motorcycle,Electric,448.95,,0.0
Motorcycle,Electric,483.76,,0.0
Motorcycle,Electric,223.74,,0.0
Motorcycle,Petrol,72.3,38.04,3.99
Motorcycle,Electric,159.48,,0.0
Motorcycle,Electric,48.49,,0.0
Motorcycle,Electric,326.37,,0.0
Car,Hybrid,279.98,10.75,39.07
Car,Electric,7.28,,0.0
Motorcycle,Electric,238.14,,0.0
Car,Petrol,335.97,15.36,50.53
Motorcycle,Electric,230.32,,0.0
Car,Electric,255.26,,0.0
Motorcycle,Electric,203.64,,0.0
Motorcycle,Electric,100.29,,0.0
Motorcycle,Electric,281.86,,0.0
Bus,Petrol,290.91,3.32,234.83
Car,Petrol,446.75,10.75,96.0
Bus,Petrol,114.24,5.11,59.91
Bus,Petrol,400.35,4.12,260.42
Car,Diesel,360.76,18.49,52.29
Car,Petrol,269.64,20.05,31.07
Bus,Petrol,33.14,5.49,16.18
Bus,Petrol,155.58,4.55,91.64
Bus,Petrol,17.46,5.72,8.18
Car,Petrol,133.98,23.68,13.07
Motorcycle,Electric,248.78,,0.0
Bus,Petrol,251.18,5.5,122.39
Bus,Petrol,96.64,3.67,70.57
Car,Electric,472.57,,0.0
Bus,Electric,367.97,,0.0
Car,Hybrid,386.56,24.45,23.72
Motorcycle,Electric,72.58,,0.0
Car,Diesel,197.03,10.77,49.03
Motorcycle,Petrol,261.36,57.03,9.62
Car,Diesel,364.16,24.62,39.64
Motorcycle,Electric,391.7,,0.0
Motorcycle,Petrol,263.43,46.61,11.87
Motorcycle,Petrol,308.84,39.85,16.28
Motorcycle,Petrol,347.51,37.04,19.7
Bus,Petrol,324.87,3.83,227.32
Bus,Electric,389.12,,0.0
Bus,Petrol,328.98,5.57,158.29
Car,Electric,499.5,,0.0
Motorcycle,Electric,383.49,,0.0
Car,Diesel,192.26,14.46,35.63
Bus,Petrol,191.69,3.04,168.99
Car,Diesel,393.79,23.6,44.72
Motorcycle,Petrol,178.31,61.3,6.11
Car,Hybrid,159.17,13.02,18.34
Bus,Petrol,466.28,4.58,272.85
Bus,Electric,325.47,,0.0
Bus,Petrol,384.58,5.05,204.09
Motorcycle,Electric,431.37,,0.0
Bus,Petrol,86.83,4.5,51.71
Motorcycle,Electric,198.0,,0.0
Bus,Electric,43.81,,0.0
Car,Electric,21.88,,0.0
Bus,Electric,252.57,,0.0
Motorcycle,Petrol,106.6,45.41,4.93
Bus,Electric,466.32,,0.0
Car,Diesel,36.48,15.19,6.44
Bus,Petrol,74.89,5.64,35.59
Bus,Petrol,32.94,4.81,18.35
Bus,Electric,136.88,,0.0
Bus,Electric,461.39,,0.0
Car,Hybrid,304.57,15.66,29.17
Motorcycle,Petrol,225.89,56.85,8.34
Car,Electric,135.96,,0.0
Car,Hybrid,310.12,20.9,22.26
Motorcycle,Electric,462.18,,0.0
Bus,Petrol,115.06,5.93,52.0
Car,Petrol,272.31,24.35,25.83
Motorcycle,Electric,499.71,,0.0
Bus,Petrol,161.42,5.28,81.93
Car,Diesel,27.11,22.54,3.22
Car,Diesel,309.46,12.62,65.72
Car,Electric,174.62,,0.0
Bus,Electric,97.22,,0.0
Motorcycle,Electric,229.57,,0.0
Motorcycle,Petrol,492.36,58.9,17.55
Car,Diesel,208.52,8.63,64.75
Motorcycle,Electric,315.29,,0.0
Motorcycle,Electric,328.14,,0.0
Bus,Petrol,63.74,3.14,54.4
Motorcycle,Petrol,260.41,62.0,8.82
Motorcycle,Petrol,451.25,64.51,14.69
Bus,Petrol,197.54,4.55,116.35
Bus,Petrol,329.43,5.15,171.43
Motorcycle,Petrol,149.87,55.57,5.66
Car,Electric,383.44,,0.0
Bus,Electric,140.19,,0.0
Bus,Petrol,264.64,5.67,125.09
Bus,Electric,365.23,,0.0
Bus,Petrol,367.39,4.46,220.76
Motorcycle,Petrol,7.41,77.72,0.2
Car,Hybrid,429.06,8.06,79.85
Car,Petrol,269.33,24.43,25.47
Motorcycle,Electric,193.46,,0.0
Bus,Petrol,238.39,5.08,125.76
Car,Hybrid,75.29,19.01,5.94
Car,Hybrid,338.44,23.38,21.71
Bus,Petrol,429.5,4.25,270.84
Motorcycle,Electric,148.01,,0.0
Bus,Petrol,429.83,5.24,219.84
Car,Petrol,212.02,19.16,25.56
Bus,Electric,62.09,,0.0
Bus,Petrol,283.32,4.18,181.65
Motorcycle,Petrol,299.67,60.24,10.45
Motorcycle,Petrol,391.08,71.24,11.53
Motorcycle,Petrol,338.19,72.99,9.73
Bus,Electric,250.38,,0.0
Car,Electric,460.67,,0.0
Motorcycle,Petrol,373.51,31.69,24.75
Car,Hybrid,67.15,11.97,8.41
Car,Hybrid,472.5,13.6,52.11
Car,Petrol,211.92,24.41,20.05
Bus,Electric,87.49,,0.0
Motorcycle,Petrol,383.96,58.13,13.87
Car,Petrol,404.17,12.53,74.51
Car,Petrol,22.0,24.89,2.04
Car,Diesel,414.91,8.71,127.66
Bus,Petrol,249.73,5.6,119.51
Car,Hybrid,173.72,23.69,11.0
Motorcycle,Electric,480.26,,0.0
Bus,Petrol,135.62,4.93,73.72
Motorcycle,Electric,353.81,,0.0
Motorcycle,Electric,30.84,,0.0
Motorcycle,Petrol,380.82,35.27,22.67
Car,Electric,481.99,,0.0
Motorcycle,Petrol,11.01,57.76,0.4
Bus,Petrol,66.48,4.22,42.22
Motorcycle,Petrol,401.12,31.74,26.54
Motorcycle,Electric,311.63,,0.0
Motorcycle,Petrol,8.53,44.06,0.41
Bus,Petrol,122.42,5.26,62.37
Car,Electric,59.52,,0.0
Bus,Electric,61.95,,0.0
Motorcycle,Petrol,33.97,64.88,1.1
Bus,Electric,311.51,,0.0
Motorcycle,Electric,485.64,,0.0
Bus,Petrol,356.36,4.15,230.13
Bus,Electric,277.22,,0.0
Car,Diesel,371.84,20.9,47.68
Car,Diesel,243.62,17.51,37.29
Car,Diesel,420.17,23.81,47.29
Car,Electric,357.31,,0.0
Motorcycle,Petrol,233.91,67.63,7.26
Motorcycle,Petrol,492.4,73.65,14.04
Bus,Electric,388.33,,0.0
Bus,Petrol,112.14,4.05,74.21
Bus,Petrol,417.4,4.1,272.84
Motorcycle,Petrol,398.08,30.19,27.69
Bus,Electric,102.28,,0.0
Motorcycle,Petrol,193.97,52.77,7.72
Car,Diesel,6.37,17.09,1.0
Motorcycle,Petrol,144.14,35.58,8.51
Car,Diesel,438.7,10.89,107.96
Bus,Petrol,11.29,3.87,7.82
Car,Hybrid,83.07,15.77,7.9
Motorcycle,Petrol,96.67,62.35,3.26
Motorcycle,Electric,162.77,,0.0
Car,Diesel,258.43,23.98,28.88
Bus,Petrol,99.21,4.79,55.51
Car,Diesel,319.23,8.36,102.34
Bus,Electric,76.1,,0.0
Bus,Electric,298.37,,0.0
Motorcycle,Petrol,116.73,56.24,4.36
Motorcycle,Petrol,186.3,35.39,11.05
Bus,Petrol,450.48,3.56,339.13
Motorcycle,Petrol,16.21,39.76,0.86
Motorcycle,Petrol,351.31,35.43,20.82
Car,Electric,57.13,,0.0
Motorcycle,Petrol,232.88,79.07,6.19
Motorcycle,Electric,351.25,,0.0
Car,Electric,299.6,,0.0
Bus,Electric,402.02,,0.0
Bus,Electric,75.47,,0.0
Car,Petrol,475.95,15.22,72.24
Car,Petrol,21.0,22.78,2.13
Motorcycle,Petrol,174.26,60.4,6.06
Car,Hybrid,39.06,18.93,3.1
Motorcycle,Petrol,175.57,51.08,7.22
Motorcycle,Petrol,452.19,38.15,24.89
Car,Diesel,481.43,8.58,150.38
Bus,Petrol,164.26,5.82,75.64
Bus,Electric,12.18,,0.0
Bus,Petrol,98.29,3.52,74.83
Car,Hybrid,333.82,20.65,24.25
Motorcycle,Electric,348.72,,0.0
Car,Diesel,34.74,21.16,4.4
Motorcycle,Petrol,334.61,33.08,21.24
Motorcycle,Electric,223.23,,0.0
Motorcycle,Electric,36.28,,0.0
Motorcycle,Electric,65.41,,0.0
Motorcycle,Petrol,263.05,59.42,9.3
Bus,Petrol,488.1,5.36,244.05
Car,Diesel,287.51,19.08,40.38
Car,Hybrid,433.16,15.35,42.33
Car,Petrol,143.35,18.37,18.03
Bus,Electric,457.01,,0.0
Car,Hybrid,263.96,10.96,36.13
Bus,Electric,397.16,,0.0
Motorcycle,Electric,162.4,,0.0
Bus,Petrol,259.41,5.34,130.19
Motorcycle,Electric,21.73,,0.0
Bus,Electric,380.97,,0.0
Motorcycle,Electric,171.87,,0.0
Car,Electric,262.7,,0.0
Motorcycle,Electric,17.2,,0.0
Car,Electric,467.17,,0.0
Bus,Petrol,246.59,4.06,162.77
Car,Diesel,246.86,18.05,36.65
Car,Hybrid,178.69,14.31,18.73
Car,Diesel,126.56,22.84,14.85
Car,Electric,108.65,,0.0
Bus,Electric,351.68,,0.0
Car,Diesel,448.17,16.6,72.36
Car,Diesel,446.95,8.88,134.89
Car,Electric,64.55,,0.0
Car,Diesel,339.12,17.38,52.29
Car,Petrol,236.82,19.06,28.7
Bus,Electric,43.11,,0.0
Car,Electric,167.36,,0.0
Bus,Petrol,284.75,4.92,155.11
Bus,Electric,191.05,,0.0
Motorcycle,Petrol,65.25,57.6,2.38
Bus,Electric,132.28,,0.0
Car,Electric,497.28,,0.0
Motorcycle,Electric,340.27,,0.0
Motorcycle,Petrol,270.28,59.15,9.6
Bus,Electric,296.08,,0.0
Motorcycle,Petrol,287.36,40.32,14.97
Motorcycle,Electric,34.15,,0.0
Car,Petrol,116.24,20.54,13.07
Motorcycle,Petrol,54.37,52.96,2.16
Motorcycle,Petrol,119.92,59.32,4.25
Car,Hybrid,35.41,18.41,2.89
Motorcycle,Petrol,390.35,64.93,12.62
Bus,Petrol,14.83,3.4,11.69
Motorcycle,Petrol,218.98,48.86,9.41
Motorcycle,Electric,305.53,,0.0
Bus,Electric,307.96,,0.0
Car,Diesel,229.77,13.27,46.4
Car,Diesel,389.37,20.76,50.27
Car,Electric,140.14,,0.0
Car,Petrol,360.24,10.61,78.43
Motorcycle,Electric,215.56,,0.0
Car,Hybrid,440.09,18.19,36.29
Car,Hybrid,458.55,19.69,34.93
Motorcycle,Petrol,224.21,76.24,6.18
Car,Petrol,63.49,22.61,6.49
Motorcycle,Petrol,164.37,75.69,4.56
Bus,Electric,493.16,,0.0
Bus,Petrol,172.82,4.46,103.85
Motorcycle,Electric,182.13,,0.0
Motorcycle,Petrol,369.37,42.51,18.25
Motorcycle,Petrol,288.71,78.15,7.76
Car,Diesel,221.67,8.52,69.73
Car,Hybrid,25.74,8.1,4.77
Motorcycle,Petrol,464.26,68.71,14.19
Motorcycle,Petrol,317.13,78.24,8.51
Bus,Electric,423.89,,0.0
Car,Petrol,58.96,24.59,5.54
Motorcycle,Petrol,183.61,41.71,9.24
Bus,Electric,488.46,,0.0
Bus,Petrol,284.16,3.8,200.41
Car,Hybrid,444.49,12.25,54.43
Car,Diesel,444.51,15.45,77.11
Motorcycle,Petrol,429.85,67.81,13.31
Motorcycle,Petrol,285.51,73.93,8.11
Bus,Electric,152.15,,0.0
Bus,Electric,383.76,,0.0
Car,Electric,471.26,,0.0
Motorcycle,Petrol,344.53,37.78,19.15
Motorcycle,Petrol,273.7,72.01,7.98
Motorcycle,Petrol,199.84,49.77,8.43
Motorcycle,Electric,107.13,,0.0
Bus,Petrol,73.65,3.49,56.56
Car,Hybrid,403.05,10.43,57.97
Car,Hybrid,214.29,16.21,19.83
Motorcycle,Petrol,342.02,67.64,10.62
Bus,Petrol,478.02,3.5,366.03
Car,Petrol,413.17,9.41,101.43
Motorcycle,Electric,341.67,,0.0
Motorcycle,Electric,356.45,,0.0
Motorcycle,Petrol,97.81,53.8,3.82
Car,Diesel,408.87,9.65,113.55
Bus,Petrol,269.03,5.6,128.75
Car,Electric,270.55,,0.0
Car,Diesel,106.55,15.65,18.25
Car,Electric,457.19,,0.0
Motorcycle,Petrol,257.76,41.1,13.17
Bus,Electric,60.87,,0.0
Bus,Electric,121.05,,0.0
Bus,Petrol,259.6,5.32,130.78
Motorcycle,Electric,328.9,,0.0
Motorcycle,Electric,457.04,,0.0
Car,Electric,118.76,,0.0
Car,Diesel,397.11,13.14,80.99
Bus,Petrol,223.27,4.15,144.18
Motorcycle,Petrol,45.17,32.62,2.91
Motorcycle,Petrol,137.66,79.87,3.62
Motorcycle,Petrol,264.06,79.03,7.02
Bus,Electric,402.02,,0.0
Bus,Electric,295.48,,0.0
Car,Hybrid,287.17,19.6,21.98
Motorcycle,Petrol,67.68,79.32,1.79
Car,Hybrid,235.52,9.59,36.84
Bus,Electric,174.3,,0.0
Car,Diesel,29.56,10.99,7.21
Motorcycle,Petrol,122.47,67.78,3.79
Bus,Petrol,318.64,4.94,172.87
Car,Electric,97.14,,0.0
Bus,Electric,32.51,,0.0
Motorcycle,Petrol,451.14,37.47,25.28
Car,Diesel,117.29,15.09,20.83
Bus,Petrol,224.36,5.19,115.85
Motorcycle,Electric,107.66,,0.0
Motorcycle,Petrol,275.91,71.19,8.14
Car,Electric,497.76,,0.0
Motorcycle,Electric,35.11,,0.0
Bus,Petrol,390.03,4.85,215.52
Car,Diesel,317.7,24.57,34.65
Bus,Petrol,74.2,5.1,38.99
Bus,Electric,302.72,,0.0
Motorcycle,Petrol,184.66,43.49,8.92
Motorcycle,Electric,316.37,,0.0
Motorcycle,Petrol,482.62,60.06,16.87
Bus,Petrol,137.73,5.7,64.76
Motorcycle,Electric,398.83,,0.0
Car,Petrol,322.3,13.82,53.87
Car,Electric,171.92,,0.0
Car,Hybrid,433.36,14.32,45.39
Bus,Electric,172.79,,0.0
Motorcycle,Petrol,250.99,30.11,17.51
Bus,Electric,366.2,,0.0
Motorcycle,Electric,381.36,,0.0
Car,Electric,161.97,,0.0
Bus,Petrol,200.7,3.92,137.21
Car,Electric,438.53,,0.0
Motorcycle,Electric,67.17,,0.0
Bus,Electric,234.2,,0.0
Motorcycle,Electric,102.64,,0.0
Motorcycle,Electric,291.06,,0.0
Motorcycle,Electric,231.9,,0.0
Motorcycle,Electric,55.68,,0.0
Bus,Electric,281.41,,0.0
Motorcycle,Petrol,271.37,44.83,12.71
Motorcycle,Electric,155.22,,0.0
Car,Hybrid,34.76,16.57,3.15
Car,Electric,124.95,,0.0
Motorcycle,Petrol,468.26,62.3,15.78
Motorcycle,Petrol,341.19,78.63,9.11
Car,Petrol,182.01,15.95,26.36
Motorcycle,Petrol,51.63,44.28,2.45
Car,Petrol,209.71,24.14,20.07
Motorcycle,Petrol,100.55,75.32,2.8
Motorcycle,Electric,275.12,,0.0
Motorcycle,Petrol,340.79,46.27,15.47
Car,Diesel,336.27,18.19,49.54
Motorcycle,Electric,377.28,,0.0
Bus,Electric,452.72,,0.0
Motorcycle,Petrol,270.35,72.81,7.8
Motorcycle,Electric,497.71,,0.0
Car,Electric,46.85,,0.0
Motorcycle,Petrol,257.51,39.16,13.81
Car,Hybrid,148.2,23.28,9.55
Motorcycle,Electric,105.87,,0.0
Bus,Electric,116.78,,0.0
Motorcycle,Petrol,436.1,31.22,29.33
Bus,Petrol,118.07,3.4,93.07
Bus,Electric,263.1,,0.0
Bus,Electric,339.58,,0.0
Motorcycle,Electric,124.08,,0.0
Bus,Petrol,7.79,4.5,4.64
Motorcycle,Electric,163.81,,0.0
Bus,Petrol,231.77,3.52,176.46
Bus,Electric,73.63,,0.0
Car,Petrol,244.38,15.21,37.11
Bus,Petrol,456.44,3.37,362.98
Motorcycle,Electric,67.14,,0.0
Motorcycle,Petrol,413.17,32.68,26.55
Car,Diesel,8.64,11.87,1.95
Bus,Electric,499.35,,0.0
Bus,Petrol,220.12,3.47,170.01
Car,Hybrid,464.5,13.93,50.02
Car,Hybrid,244.5,9.08,40.39
Car,Diesel,436.51,12.09,96.76
Motorcycle,Petrol,186.45,36.44,10.74
Bus,Petrol,363.02,3.75,259.44
Bus,Petrol,74.32,3.43,58.07
Motorcycle,Electric,387.41,,0.0
Car,Diesel,379.82,11.46,88.82
Bus,Petrol,343.36,4.53,203.14
Motorcycle,Electric,139.68,,0.0
Car,Hybrid,453.66,24.67,27.58
Bus,Electric,374.57,,0.0
Car,Hybrid,337.79,15.56,32.56
Bus,Electric,340.48,,0.0
Bus,Electric,236.19,,0.0
Motorcycle,Petrol,359.08,78.32,9.63
Car,Electric,374.55,,0.0
Car,Hybrid,257.06,23.15,16.66
Bus,Petrol,240.34,5.31,121.3
Bus,Petrol,301.8,3.4,237.89
Car,Diesel,35.23,16.18,5.84
Car,Diesel,268.52,17.56,40.98
Bus,Petrol,145.47,5.27,73.98
Bus,Petrol,132.07,3.79,93.39
Bus,Petrol,108.54,4.33,67.18
Motorcycle,Petrol,58.7,44.74,2.76
Car,Hybrid,236.66,21.16,16.78
Car,Diesel,143.77,16.39,23.51
Motorcycle,Electric,258.19,,0.0
Car,Diesel,256.3,16.82,40.84
Bus,Electric,393.93,,0.0
Bus,Electric,362.46,,0.0
Motorcycle,Electric,61.0,,0.0
Car,Hybrid,21.54,10.95,2.95
Motorcycle,Electric,12.89,,0.0
Car,Electric,276.32,,0.0
Bus,Petrol,12.5,3.33,10.06
Car,Hybrid,138.47,15.42,13.47
Bus,Electric,120.18,,0.0
Car,Hybrid,218.78,24.97,13.14
Car,Hybrid,47.27,12.9,5.5
Bus,Electric,422.8,,0.0
Car,Electric,141.77,,0.0
Car,Hybrid,141.02,17.9,11.82
Car,Electric,14.5,,0.0
Car,Electric,68.38,,0.0
Motorcycle,Petrol,446.17,76.53,12.24
Car,Petrol,118.74,14.42,19.02
Motorcycle,Electric,246.63,,0.0
Car,Electric,401.36,,0.0
Car,Electric,31.63,,0.0
Bus,Electric,127.7,,0.0
Motorcycle,Electric,466.27,,0.0
Car,Hybrid,391.86,11.51,51.07
Motorcycle,Petrol,120.33,30.08,8.4
Bus,Electric,183.49,,0.0
Motorcycle,Electric,155.94,,0.0
Motorcycle,Petrol,476.43,46.36,21.58
Motorcycle,Electric,16.74,,0.0
Car,Petrol,56.79,21.93,5.98
Motorcycle,Electric,160.17,,0.0
Motorcycle,Electric,193.74,,0.0
Car,Petrol,63.22,16.77,8.71
Bus,Petrol,367.32,3.94,249.85
Bus,Petrol,269.75,4.62,156.48
Car,Hybrid,436.4,11.78,55.57
Motorcycle,Electric,24.5,,0.0
Car,Hybrid,34.67,21.47,2.42
Car,Electric,197.79,,0.0
Car,Hybrid,294.84,16.57,26.69
Motorcycle,Petrol,492.26,44.7,23.13
Bus,Electric,233.95,,0.0
Bus,Petrol,8.28,4.03,5.51
Motorcycle,Petrol,195.08,74.55,5.5
Motorcycle,Electric,468.66,,0.0
Car,Petrol,165.81,16.54,23.16
Car,Diesel,436.33,8.39,139.38
Motorcycle,Petrol,195.99,43.37,9.49
Bus,Electric,157.01,,0.0
Car,Hybrid,135.76,20.21,10.08
Bus,Electric,370.0,,0.0
Car,Petrol,389.34,13.97,64.38
Motorcycle,Petrol,434.29,70.54,12.93
Motorcycle,Petrol,122.6,46.79,5.5
Car,Diesel,68.36,14.62,12.53
Motorcycle,Petrol,334.59,66.35,10.59
Motorcycle,Electric,233.18,,0.0
Motorcycle,Petrol,197.5,34.29,12.1
Bus,Electric,137.63,,0.0
Motorcycle,Electric,161.75,,0.0
Motorcycle,Electric,381.53,,0.0
Car,Petrol,77.24,17.08,10.45
Bus,Electric,84.43,,0.0
Car,Electric,246.99,,0.0
Bus,Electric,251.61,,0.0
Motorcycle,Petrol,260.73,42.78,12.8
Car,Hybrid,416.6,23.78,26.28
Car,Electric,235.66,,0.0
Bus,Petrol,38.95,4.85,21.52
Motorcycle,Petrol,65.34,53.2,2.58
Bus,Electric,251.62,,0.0
Car,Petrol,294.34,22.75,29.89
Car,Hybrid,247.58,10.72,34.64
Motorcycle,Electric,321.09,,0.0
Car,Petrol,102.41,15.19,15.57
Bus,Petrol,243.78,3.88,168.38
Motorcycle,Electric,354.15,,0.0
Car,Electric,361.28,,0.0
Car,Petrol,377.81,11.74,74.34
Motorcycle,Petrol,239.49,32.91,15.28
Motorcycle,Electric,204.18,,0.0
Car,Diesel,42.73,24.44,4.69
Bus,Petrol,156.98,5.42,77.62
Motorcycle,Petrol,85.51,43.91,4.09
Bus,Electric,330.96,,0.0
Bus,Petrol,380.71,4.85,210.37
Motorcycle,Petrol,487.21,60.4,16.94
Car,Petrol,109.56,17.42,14.53
Motorcycle,Electric,493.17,,0.0
Motorcycle,Petrol,38.21,41.19,1.95
Motorcycle,Electric,222.71,,0.0
Car,Hybrid,468.23,12.9,54.45
Car,Diesel,86.39,16.98,13.64
Motorcycle,Electric,117.02,,0.0
Bus,Electric,465.37,,0.0
Bus,Petrol,212.06,5.61,101.3
Car,Hybrid,363.29,13.79,39.52
Car,Hybrid,233.43,8.64,40.53
Car,Hybrid,65.74,18.55,5.32
Motorcycle,Electric,384.71,,0.0
Motorcycle,Electric,80.0,,0.0
Motorcycle,Petrol,310.98,68.7,9.51
Car,Diesel,410.37,22.62,48.62
Bus,Electric,185.15,,0.0
Motorcycle,Electric,121.04,,0.0
Bus,Petrol,302.93,3.32,244.53
Motorcycle,Electric,38.0,,0.0
Car,Petrol,429.23,17.38,57.05
Motorcycle,Petrol,12.94,32.96,0.82
Car,Petrol,369.99,20.17,42.37
Motorcycle,Electric,167.85,,0.0
Motorcycle,Electric,301.07,,0.0
Bus,Electric,275.34,,0.0
Car,Diesel,429.14,22.96,50.09
Car,Hybrid,327.25,20.63,23.79
Bus,Electric,261.23,,0.0
Car,Hybrid,179.6,14.34,18.79
Car,Hybrid,54.7,17.16,4.78
Car,Diesel,467.04,14.13,88.58
Bus,Petrol,67.89,3.29,55.3
Bus,Electric,131.59,,0.0
Motorcycle,Petrol,419.28,55.3,15.92
Car,Diesel,373.31,10.9,91.79
Motorcycle,Electric,340.56,,0.0
Bus,Petrol,47.56,4.22,30.2
Bus,Electric,321.32,,0.0
Motorcycle,Petrol,354.92,60.05,12.41
Car,Diesel,293.1,12.85,61.13
Bus,Electric,424.36,,0.0
Bus,Petrol,87.03,5.93,39.33
Bus,Electric,246.58,,0.0
Bus,Petrol,91.29,4.81,50.86
Bus,Electric,79.05,,0.0
Bus,Petrol,222.56,4.26,140.01
Car,Electric,342.5,,0.0
Bus,Electric,254.38,,0.0
Bus,Petrol,211.07,5.21,108.57
Bus,Electric,35.13,,0.0
Motorcycle,Petrol,290.29,63.32,9.63
Bus,Petrol,283.58,5.17,147.0
Car,Hybrid,311.22,19.39,24.08
Bus,Petrol,147.25,5.42,72.81
Car,Petrol,218.91,23.1,21.89
Bus,Electric,444.13,,0.0
Motorcycle,Petrol,453.91,63.47,15.02
Bus,Electric,203.81,,0.0
Car,Diesel,369.37,11.96,82.77
Car,Diesel,240.72,20.99,30.74
Motorcycle,Electric,217.6,,0.0
Car,Electric,399.49,,0.0
Motorcycle,Electric,44.03,,0.0
Car,Diesel,56.99,24.88,6.14
Car,Hybrid,109.73,16.75,9.83
Bus,Electric,136.91,,0.0
Motorcycle,Electric,117.82,,0.0
Bus,Electric,42.5,,0.0
Car,Electric,492.6,,0.0
Bus,Petrol,380.97,4.53,225.39
Bus,Petrol,119.85,4.59,69.98
Bus,Electric,354.96,,0.0
Bus,Petrol,360.7,4.5,214.82
Bus,Petrol,59.72,5.32,30.08
Bus,Electric,490.43,,0.0
Bus,Electric,306.2,,0.0
Bus,Petrol,439.11,3.63,324.19
Motorcycle,Petrol,253.14,71.31,7.45
Car,Petrol,101.9,13.36,17.62
Bus,Electric,187.89,,0.0
Bus,Electric,467.1,,0.0
Bus,Electric,132.56,,0.0
Car,Petrol,104.25,11.61,20.74
Bus,Petrol,481.02,3.9,330.55
Car,Diesel,94.31,19.35,13.06
Bus,Electric,234.49,,0.0
Car,Hybrid,446.18,13.07,51.21
Motorcycle,Petrol,412.14,70.15,12.34
Bus,Petrol,177.93,3.0,158.95
Car,Electric,131.54,,0.0
Bus,Electric,238.3,,0.0
Motorcycle,Electric,485.98,,0.0
Car,Diesel,79.97,23.52,9.11
Car,Hybrid,168.1,8.05,31.32
Bus,Electric,109.35,,0.0
Bus,Electric,383.51,,0.0
Bus,Petrol,8.34,3.13,7.14
Car,Diesel,71.57,11.83,16.21
Bus,Petrol,197.61,3.2,165.5
Car,Hybrid,57.09,12.52,6.84
Motorcycle,Petrol,432.06,68.29,13.29
Car,Petrol,450.43,8.05,129.25
Car,Hybrid,127.52,11.37,16.82
Car,Hybrid,153.92,19.46,11.86
Bus,Petrol,84.0,3.28,68.63
Bus,Electric,234.19,,0.0
Bus,Petrol,112.54,5.17,58.34
Bus,Petrol,413.18,5.07,218.41
Motorcycle,Petrol,420.7,46.13,19.15
Bus,Electric,62.85,,0.0
Bus,Electric,85.24,,0.0
Bus,Petrol,251.58,3.44,196.0
Motorcycle,Electric,390.49,,0.0
Bus,Petrol,375.15,3.08,326.43
Car,Diesel,338.69,22.38,40.56
Motorcycle,Electric,54.28,,0.0
Car,Petrol,433.72,15.89,63.05
Car,Petrol,294.05,9.32,72.88
Motorcycle,Petrol,284.29,41.54,14.37
Bus,Petrol,413.25,5.37,206.24
Motorcycle,Electric,442.84,,0.0
Bus,Petrol,359.39,5.49,175.44
Car,Hybrid,264.06,8.87,44.66
Motorcycle,Electric,10.21,,0.0
Car,Diesel,335.63,13.53,66.48
Motorcycle,Petrol,423.16,34.77,25.56
Car,Diesel,61.17,22.52,7.28
Bus,Electric,123.99,,0.0
Motorcycle,Electric,124.12,,0.0
Bus,Petrol,470.59,3.92,321.73
Motorcycle,Electric,26.34,,0.0
Motorcycle,Petrol,319.17,76.33,8.78
Car,Hybrid,344.22,10.17,50.77
Bus,Electric,215.9,,0.0
Car,Hybrid,61.61,21.84,4.23
Bus,Petrol,357.37,3.68,260.26
Bus,Electric,312.47,,0.0
Motorcycle,Electric,158.92,,0.0
Car,Electric,336.4,,0.0
Car,Electric,413.39,,0.0
Motorcycle,Petrol,461.44,37.84,25.61
Car,Electric,242.51,,0.0
Bus,Petrol,293.45,3.48,225.99
Bus,Petrol,158.82,5.19,82.01
Motorcycle,Petrol,374.85,44.88,17.54
Bus,Electric,217.0,,0.0
Car,Petrol,295.66,19.94,34.25
Motorcycle,Petrol,233.04,33.61,14.56
Bus,Petrol,129.63,5.33,65.18
Motorcycle,Electric,39.4,,0.0
Motorcycle,Electric,342.47,,0.0
Motorcycle,Petrol,183.8,63.55,6.07
Bus,Petrol,267.62,4.83,148.49
Car,Petrol,222.51,9.7,52.99
Bus,Electric,72.5,,0.0
Motorcycle,Electric,352.4,,0.0
Car,Diesel,396.41,12.6,84.32
Car,Hybrid,116.76,14.89,11.76
Motorcycle,Petrol,130.44,58.43,4.69
Motorcycle,Petrol,5.31,57.71,0.19
Car,Petrol,102.69,16.19,14.65
Motorcycle,Electric,191.27,,0.0
Motorcycle,Petrol,90.77,62.94,3.03
Bus,Electric,493.95,,0.0
Motorcycle,Electric,403.16,,0.0
Motorcycle,Petrol,53.73,62.4,1.81
Car,Diesel,178.87,22.71,21.11
Bus,Petrol,453.09,3.15,385.49
Bus,Electric,313.79,,0.0
Motorcycle,Petrol,170.97,35.9,10.0
Car,Hybrid,211.35,21.55,14.71
Motorcycle,Electric,373.84,,0.0
Car,Diesel,227.08,18.19,33.46
Bus,Petrol,386.34,5.54,186.89
Bus,Electric,303.34,,0.0
Motorcycle,Electric,355.51,,0.0
Car,Diesel,423.14,17.0,66.71
Bus,Petrol,202.15,5.66,95.72
Car,Petrol,216.18,16.53,30.21
Bus,Electric,252.74,,0.0
Car,Electric,219.19,,0.0
Motorcycle,Petrol,380.33,62.28,12.82
Car,Petrol,236.79,13.18,41.5
Car,Hybrid,331.39,10.23,48.59
Motorcycle,Petrol,183.79,77.52,4.98
Car,Electric,135.33,,0.0
Bus,Petrol,372.94,4.75,210.42
Car,Diesel,212.02,21.06,26.98
Car,Hybrid,283.72,19.52,21.8
Car,Petrol,295.52,14.0,48.76
Car,Petrol,170.58,11.72,33.62
Motorcycle,Electric,290.49,,0.0
Car,Electric,23.3,,0.0
Bus,Electric,196.13,,0.0
Bus,Electric,179.5,,0.0
Car,Hybrid,468.1,9.48,74.07
Car,Hybrid,32.05,18.25,2.63
Car,Hybrid,306.15,13.28,34.58
Car,Diesel,115.79,19.8,15.67
Car,Electric,496.07,,0.0
Bus,Electric,136.83,,0.0
Motorcycle,Petrol,369.21,68.14,11.38
Motorcycle,Electric,185.72,,0.0
Car,Diesel,397.8,19.0,56.11
Car,Electric,431.21,,0.0
Bus,Petrol,168.92,3.11,145.56
Motorcycle,Electric,123.88,,0.0
Bus,Electric,339.54,,0.0
Car,Diesel,18.9,12.07,4.2
Bus,Petrol,320.18,3.27,262.41
Car,Hybrid,497.2,18.92,39.42
Motorcycle,Electric,323.21,,0.0
Car,Petrol,368.54,20.49,41.55
Car,Petrol,181.06,16.91,24.73
Bus,Petrol,331.13,5.22,170.01
Motorcycle,Petrol,295.25,38.76,16.0
Car,Electric,349.28,,0.0
Bus,Petrol,276.59,3.5,211.79
Bus,Petrol,155.71,3.07,135.93
Bus,Electric,430.4,,0.0
Motorcycle,Petrol,284.24,55.39,10.78
Bus,Electric,404.6,,0.0
Bus,Electric,268.67,,0.0
Motorcycle,Petrol,321.17,60.46,11.16
Bus,Petrol,79.93,5.38,39.82
Motorcycle,Electric,71.6,,0.0
Bus,Petrol,100.99,5.5,49.21
Motorcycle,Electric,21.98,,0.0
Car,Diesel,37.46,20.91,4.8
Bus,Petrol,300.15,5.0,160.88
Bus,Petrol,291.3,3.13,249.42
Car,Petrol,149.55,14.91,23.17
Motorcycle,Electric,316.15,,0.0
Motorcycle,Electric,426.4,,0.0
Bus,Petrol,188.48,5.86,86.2
Motorcycle,Electric,406.81,,0.0
Motorcycle,Electric,74.72,,0.0
Bus,Petrol,416.2,4.79,232.86
Motorcycle,Petrol,193.23,56.42,7.19
Car,Electric,444.25,,0.0
Motorcycle,Petrol,115.9,54.19,4.49
Car,Electric,392.15,,0.0
Bus,Petrol,85.44,4.75,48.21
Motorcycle,Electric,363.11,,0.0
Bus,Petrol,20.91,4.62,12.13
Motorcycle,Petrol,116.45,43.41,5.63
Bus,Electric,353.41,,0.0
Car,Hybrid,347.56,12.44,41.91
Motorcycle,Petrol,480.34,47.78,21.11
Car,Electric,32.46,,0.0
Bus,Electric,250.68,,0.0
Car,Petrol,337.28,24.34,32.01
Car,Petrol,237.2,20.08,27.29
Car,Electric,133.28,,0.0
Motorcycle,Electric,342.17,,0.0
Bus,Electric,146.18,,0.0
Car,Diesel,87.92,13.0,18.13
Car,Diesel,341.15,11.7,78.14
Bus,Petrol,37.4,5.89,17.02
Car,Petrol,422.17,18.29,53.32
Bus,Electric,87.61,,0.0
Motorcycle,Petrol,445.97,72.68,12.89
Car,Electric,49.44,,0.0
Bus,Petrol,161.79,4.95,87.6
Car,Electric,356.76,,0.0
Car,Hybrid,260.16,10.69,36.51
Car,Hybrid,68.16,9.0,11.36
Bus,Electric,369.76,,0.0
Bus,Electric,143.93,,0.0
Bus,Petrol,266.95,5.83,122.71
Car,Electric,481.05,,0.0
Bus,Petrol,228.2,3.16,193.54
Bus,Petrol,457.88,5.93,206.93
Bus,Electric,115.08,,0.0
Car,Hybrid,242.96,20.26,17.99
Bus,Electric,125.06,,0.0
Car,Electric,254.12,,0.0
Car,Diesel,486.83,13.57,96.15
Motorcycle,Electric,168.78,,0.0
Motorcycle,Electric,42.61,,0.0
Bus,Electric,147.7,,0.0
Car,Diesel,45.47,24.79,4.92
Bus,Electric,100.87,,0.0
Bus,Electric,399.25,,0.0
Motorcycle,Electric,194.7,,0.0
Car,Hybrid,145.11,19.89,10.94
Bus,Petrol,45.42,3.35,36.34
Bus,Petrol,447.8,5.88,204.1
Bus,Petrol,144.67,3.54,109.52
Bus,Petrol,252.44,4.26,158.81
Motorcycle,Electric,198.42,,0.0
Car,Electric,372.23,,0.0
Car,Hybrid,457.92,21.55,31.87
Bus,Electric,376.61,,0.0
Car,Electric,303.81,,0.0
Car,Hybrid,128.17,12.82,15.0
Motorcycle,Petrol,219.18,62.59,7.35
Bus,Electric,414.37,,0.0
Bus,Electric,378.22,,0.0
Bus,Electric,436.03,,0.0
Bus,Electric,102.4,,0.0
Bus,Petrol,382.52,5.23,196.01
Motorcycle,Petrol,385.23,46.46,17.41
Car,Hybrid,468.43,15.26,46.04
Car,Electric,243.7,,0.0
Car,Petrol,86.5,17.06,11.71
Motorcycle,Electric,210.42,,0.0
Bus,Petrol,268.6,4.72,152.51
Bus,Electric,229.01,,0.0
Bus,Petrol,168.7,5.26,85.95
Car,Hybrid,316.81,14.72,32.28
Car,Petrol,430.9,15.85,62.8
Bus,Electric,123.22,,0.0
Bus,Petrol,104.67,5.38,52.14
Motorcycle,Electric,26.3,,0.0
Car,Electric,410.21,,0.0
Motorcycle,Petrol,279.15,52.99,11.06
Car,Petrol,108.2,20.5,12.19
Bus,Petrol,291.84,4.78,163.63
Car,Diesel,50.61,12.0,11.3
Motorcycle,Electric,438.16,,0.0
Motorcycle,Electric,394.52,,0.0
Bus,Petrol,145.15,5.55,70.09
Car,Diesel,246.12,14.76,44.69
Car,Diesel,142.68,22.46,17.03
Car,Petrol,244.95,24.14,23.44
Motorcycle,Petrol,463.12,57.2,17.0
Motorcycle,Petrol,324.84,62.32,10.95
Motorcycle,Petrol,381.72,60.58,13.23
Car,Electric,365.28,,0.0
Bus,Petrol,298.56,5.8,137.96
Bus,Petrol,409.93,5.55,197.95
Car,Petrol,153.7,14.58,24.35
Bus,Electric,382.45,,0.0
Bus,Petrol,426.6,4.48,255.2
Bus,Petrol,73.89,5.16,38.38
Car,Petrol,77.35,8.56,20.87
Car,Electric,378.2,,0.0
Car,Diesel,77.32,23.71,8.74
Car,Electric,389.77,,0.0
Bus,Petrol,90.52,5.51,44.03
Bus,Petrol,455.96,5.96,205.03
Car,Petrol,107.51,12.34,20.13
Motorcycle,Petrol,236.04,59.67,8.31
Motorcycle,Electric,428.27,,0.0
Bus,Petrol,96.18,5.25,49.1
Bus,Petrol,31.44,4.26,19.78
Motorcycle,Electric,372.81,,0.0
Car,Petrol,196.12,13.36,33.91
Motorcycle,Petrol,396.7,50.76,16.41
Motorcycle,Electric,388.97,,0.0
Bus,Petrol,478.96,4.74,270.8
Car,Petrol,321.87,18.6,39.97
Motorcycle,Electric,202.04,,0.0
Car,Petrol,77.71,10.67,16.82
Car,Petrol,458.3,8.06,131.35
Motorcycle,Electric,38.4,,0.0
Motorcycle,Electric,408.13,,0.0
Bus,Petrol,292.74,3.71,211.47
Motorcycle,Petrol,342.82,62.64,11.49
Motorcycle,Petrol,330.69,35.32,19.66
Car,Electric,327.71,,0.0
Car,Diesel,331.86,24.03,37.01
Bus,Electric,192.79,,0.0
Bus,Electric,468.71,,0.0
Bus,Electric,53.36,,0.0
Bus,Petrol,223.84,5.67,105.8
Motorcycle,Electric,475.68,,0.0
Bus,Petrol,237.67,4.61,138.17
Car,Petrol,295.29,9.86,69.18
Car,Petrol,303.01,14.91,46.95
Car,Diesel,27.69,11.32,6.56
Car,Hybrid,250.47,11.44,32.84
Bus,Petrol,445.09,3.96,301.22
Bus,Petrol,377.66,4.86,208.26
Motorcycle,Petrol,207.1,70.9,6.13
Bus,Electric,229.24,,0.0
Motorcycle,Electric,457.75,,0.0
Motorcycle,Petrol,468.29,59.75,16.46
Car,Petrol,241.58,14.64,38.12
Bus,Petrol,320.91,3.65,235.63
Car,Electric,267.37,,0.0
Bus,Electric,102.98,,0.0
Bus,Petrol,394.63,4.99,211.95
Bus,Electric,377.6,,0.0
Car,Electric,497.65,,0.0
Car,Diesel,324.11,11.11,78.18
Bus,Petrol,72.62,4.12,47.24
Bus,Petrol,397.25,5.26,202.4
Car,Hybrid,419.97,17.61,35.77
Car,Diesel,25.06,15.69,4.28
Motorcycle,Petrol,385.5,48.4,16.73
Car,Petrol,329.7,17.43,43.7
Bus,Electric,324.37,,0.0
Motorcycle,Electric,377.06,,0.0
Car,Petrol,10.77,17.37,1.43
Bus,Petrol,65.03,3.75,46.47
Bus,Petrol,57.0,4.43,34.48
Bus,Petrol,391.32,5.12,204.83
Motorcycle,Electric,254.89,,0.0
Car,Diesel,338.67,12.75,71.19
Bus,Petrol,433.82,4.3,270.38
Bus,Petrol,142.98,3.21,119.37
Motorcycle,Electric,87.31,,0.0
Bus,Petrol,46.7,4.04,30.98
Motorcycle,Petrol,190.87,75.04,5.34
Motorcycle,Electric,423.23,,0.0
Car,Diesel,43.43,14.99,7.76
Bus,Electric,483.53,,0.0
Bus,Petrol,77.16,5.38,38.44
Motorcycle,Petrol,435.31,60.78,15.04
Car,Diesel,189.91,16.29,31.24
Motorcycle,Petrol,494.86,35.17,29.55
Motorcycle,Electric,40.06,,0.0
Bus,Petrol,17.88,3.18,15.07
Bus,Petrol,284.61,3.52,216.69
Bus,Electric,32.58,,0.0
Bus,Petrol,474.83,3.95,322.16
Motorcycle,Petrol,174.78,78.4,4.68
Car,Hybrid,74.47,21.01,5.32
Motorcycle,Electric,382.8,,0.0
Car,Diesel,431.57,14.71,78.63
Car,Hybrid,395.96,11.21,52.98
Car,Electric,266.68,,0.0
Car,Hybrid,413.38,23.1,26.84
Car,Diesel,20.91,8.58,6.53
Bus,Electric,413.88,,0.0
Car,Petrol,252.27,22.52,25.88
Motorcycle,Petrol,258.77,60.18,9.03
Car,Electric,397.42,,0.0
Car,Hybrid,499.97,9.43,79.53
Bus,Petrol,15.66,3.48,12.06
Bus,Electric,111.27,,0.0
Motorcycle,Electric,225.98,,0.0
Car,Petrol,149.88,16.17,21.41
Bus,Electric,233.12,,0.0
Motorcycle,Petrol,373.08,39.55,19.81
Car,Hybrid,96.05,14.22,10.13
Car,Electric,23.91,,0.0
Motorcycle,Petrol,435.33,78.81,11.6
Motorcycle,Electric,262.96,,0.0
Motorcycle,Electric,452.64,,0.0
Bus,Petrol,131.7,5.26,67.1
Motorcycle,Electric,472.83,,0.0
Motorcycle,Petrol,322.15,71.98,9.4
Car,Hybrid,483.75,17.37,41.77
Motorcycle,Electric,284.97,,0.0
Motorcycle,Petrol,142.85,51.76,5.8
Bus,Electric,333.98,,0.0
Motorcycle,Petrol,206.11,39.18,11.05
Motorcycle,Electric,378.13,,0.0
Motorcycle,Electric,292.28,,0.0
Bus,Petrol,88.54,5.32,44.6
Motorcycle,Petrol,404.37,37.95,22.38
Motorcycle,Electric,466.59,,0.0
Bus,Petrol,83.75,3.79,59.22
Bus,Petrol,189.58,3.16,160.78
Motorcycle,Electric,145.59,,0.0
Car,Electric,149.27,,0.0
Bus,Electric,95.23,,0.0
Bus,Electric,390.35,,0.0
Bus,Petrol,136.73,4.48,81.79
Motorcycle,Petrol,376.22,50.2,15.74
Bus,Petrol,259.16,3.37,206.1
Car,Electric,456.7,,0.0
Motorcycle,Electric,380.82,,0.0
Motorcycle,Petrol,281.51,64.12,9.22
Motorcycle,Petrol,151.98,45.84,6.96
Motorcycle,Petrol,369.23,38.03,20.39
Motorcycle,Electric,227.44,,0.0
Motorcycle,Petrol,289.51,58.94,10.32
Bus,Petrol,456.26,5.56,219.92
Car,Hybrid,459.39,21.56,31.96
Bus,Electric,5.91,,0.0
Bus,Electric,491.23,,0.0
Car,Electric,132.93,,0.0
Car,Petrol,89.41,24.7,8.36
Car,Diesel,376.97,12.35,81.8
Car,Petrol,484.38,21.74,51.47
Motorcycle,Petrol,45.3,34.0,2.8
Bus,Petrol,223.15,5.83,102.58
Bus,Electric,368.45,,0.0
Motorcycle,Electric,307.14,,0.0
Bus,Petrol,269.4,5.1,141.57
Bus,Electric,413.73,,0.0
Bus,Petrol,7.56,4.87,4.16
Motorcycle,Petrol,163.15,30.28,11.31
Car,Petrol,326.64,9.49,79.51
Bus,Petrol,108.15,3.23,89.73
Bus,Electric,292.82,,0.0
Motorcycle,Petrol,33.62,43.64,1.62
Motorcycle,Petrol,434.74,69.1,13.21
Motorcycle,Electric,291.7,,0.0
Motorcycle,Petrol,333.96,57.74,12.15
Motorcycle,Petrol,17.72,32.0,1.16
Bus,Petrol,241.13,4.55,142.03
Motorcycle,Petrol,483.01,38.66,26.24
Bus,Petrol,469.47,4.06,309.9
Car,Hybrid,479.96,22.55,31.93
Bus,Electric,126.22,,0.0
Motorcycle,Electric,383.55,,0.0
Motorcycle,Electric,193.55,,0.0
Motorcycle,Petrol,363.73,30.99,24.65
Motorcycle,Electric,141.16,,0.0
Bus,Electric,443.84,,0.0
Bus,Electric,243.98,,0.0
Car,Hybrid,286.14,20.97,20.47
Bus,Electric,496.98,,0.0
Motorcycle,Petrol,334.69,76.92,9.14
Bus,Electric,177.48,,0.0
Bus,Electric,271.66,,0.0
Bus,Electric,330.15,,0.0
Bus,Petrol,449.71,5.28,228.26
Motorcycle,Electric,99.72,,0.0
Motorcycle,Petrol,432.38,53.83,16.87
Motorcycle,Petrol,161.71,53.35,6.37
Bus,Petrol,87.96,3.4,69.33
Car,Hybrid,70.97,8.39,12.69
Bus,Petrol,27.79,5.54,13.44
Motorcycle,Petrol,272.11,53.66,10.65
Motorcycle,Electric,407.18,,0.0
Car,Electric,269.35,,0.0
Motorcycle,Electric,135.33,,0.0
Bus,Electric,349.9,,0.0
Motorcycle,Electric,255.4,,0.0
Motorcycle,Petrol,127.38,63.8,4.19
Bus,Electric,197.46,,0.0
Motorcycle,Petrol,386.94,42.54,19.1
Motorcycle,Petrol,406.05,68.18,12.51
Motorcycle,Electric,333.78,,0.0
Bus,Petrol,189.47,4.55,111.6
Bus,Electric,260.72,,0.0
Bus,Electric,390.84,,0.0
Car,Diesel,440.18,13.51,87.32
Bus,Petrol,410.21,5.94,185.08
Car,Electric,235.67,,0.0
Bus,Petrol,469.87,4.52,278.6
Motorcycle,Petrol,286.69,73.59,8.18
Motorcycle,Petrol,110.95,61.12,3.81
Bus,Electric,363.41,,0.0
Bus,Electric,241.9,,0.0
Motorcycle,Electric,172.96,,0.0
Bus,Petrol,222.71,4.34,137.53
Bus,Electric,89.57,,0.0
Motorcycle,Petrol,442.73,36.7,25.33
Motorcycle,Electric,166.25,,0.0
Bus,Electric,25.83,,0.0
Car,Hybrid,183.04,17.79,15.43
Motorcycle,Electric,73.7,,0.0
Car,Diesel,306.21,14.53,56.48
Bus,Petrol,175.64,5.01,93.96
Motorcycle,Petrol,497.87,43.49,24.04
Bus,Petrol,324.48,5.11,170.18
Car,Electric,393.31,,0.0
Bus,Petrol,166.51,5.54,80.55
Car,Electric,157.22,,0.0
Car,Petrol,473.79,15.96,68.57
Car,Electric,285.49,,0.0
Car,Diesel,182.38,15.36,31.82
Bus,Petrol,303.64,3.33,244.37
Car,Hybrid,314.45,9.71,48.58
Bus,Electric,77.88,,0.0
Bus,Petrol,355.33,3.72,255.99
Motorcycle,Electric,149.68,,0.0
Motorcycle,Electric,282.45,,0.0
Motorcycle,Petrol,89.9,46.01,4.1
Motorcycle,Petrol,98.73,67.79,3.06
Motorcycle,Electric,419.91,,0.0
Bus,Petrol,459.06,4.61,266.87
Motorcycle,Petrol,380.16,35.31,22.61
Car,Electric,330.05,,0.0
Bus,Petrol,317.28,4.72,180.15
Motorcycle,Petrol,205.66,59.83,7.22
Bus,Electric,248.5,,0.0
Car,Diesel,452.9,19.04,63.75
Bus,Petrol,468.45,3.4,369.25
Motorcycle,Electric,290.52,,0.0
Car,Diesel,449.11,21.53,55.9
Car,Diesel,239.09,10.13,63.25
Motorcycle,Electric,430.93,,0.0
Car,Petrol,489.86,14.31,79.08
Bus,Petrol,455.12,5.88,207.44
Bus,Petrol,488.73,3.7,354.0
Motorcycle,Electric,208.38,,0.0
Bus,Petrol,222.51,3.21,185.77
Bus,Electric,135.97,,0.0
Bus,Electric,357.03,,0.0
Motorcycle,Electric,44.82,,0.0
Car,Electric,174.45,,0.0
Car,Petrol,39.7,11.83,7.75
Car,Hybrid,493.33,21.39,34.6
Car,Hybrid,332.34,18.34,27.18
Car,Electric,270.07,,0.0
Bus,Petrol,462.87,4.72,262.82
Motorcycle,Electric,15.79,,0.0
Bus,Electric,465.76,,0.0
Bus,Petrol,288.21,3.43,225.19
Motorcycle,Electric,199.99,,0.0
Bus,Petrol,274.2,5.02,146.39
Car,Diesel,464.86,16.93,73.59
Car,Hybrid,405.38,23.18,26.23
Bus,Electric,469.59,,0.0
Motorcycle,Petrol,16.83,61.85,0.57
Motorcycle,Petrol,335.79,79.45,8.88
Motorcycle,Petrol,111.66,54.1,4.33
Motorcycle,Petrol,485.23,65.03,15.67
Car,Petrol,122.4,19.68,14.37
Car,Hybrid,79.35,19.72,6.04
Car,Electric,13.71,,0.0
Car,Hybrid,378.15,16.65,34.07
Bus,Electric,191.04,,0.0
Motorcycle,Petrol,287.65,39.84,15.16
Car,Electric,18.73,,0.0
Car,Hybrid,186.41,11.78,23.74
Bus,Petrol,217.53,3.49,167.04
Bus,Petrol,93.15,5.52,45.23
Bus,Electric,306.01,,0.0
Car,Diesel,326.56,8.69,100.71
Bus,Petrol,361.82,5.19,186.84
Motorcycle,Petrol,399.0,68.0,12.32
Motorcycle,Petrol,53.75,36.28,3.11
Motorcycle,Petrol,306.44,55.93,11.51
Car,Electric,292.92,,0.0
Car,Petrol,492.43,18.35,61.99
Car,Diesel,58.95,8.32,18.99
Bus,Petrol,489.36,4.44,295.38
Bus,Electric,413.79,,0.0
Bus,Electric,111.42,,0.0
Motorcycle,Petrol,437.28,76.6,11.99
Motorcycle,Electric,397.45,,0.0
Bus,Petrol,41.59,5.83,19.12
Motorcycle,Electric,8.88,,0.0
Car,Hybrid,151.11,16.62,13.64
Motorcycle,Petrol,481.92,39.61,25.55
Car,Diesel,404.89,24.37,44.53
Motorcycle,Petrol,370.03,46.99,16.54
Car,Petrol,387.43,10.62,84.27
Bus,Electric,386.71,,0.0
Bus,Petrol,492.22,5.78,228.23
Bus,Electric,71.84,,0.0
Motorcycle,Petrol,213.65,31.6,14.2
Bus,Electric,347.28,,0.0
Car,Electric,421.1,,0.0
Bus,Electric,361.05,,0.0
Motorcycle,Electric,477.45,,0.0
Motorcycle,Petrol,260.72,74.15,7.38
Car,Electric,23.85,,0.0
Motorcycle,Electric,66.63,,0.0
Car,Diesel,298.86,17.83,44.92
Bus,Petrol,169.23,4.05,111.98
Bus,Electric,446.48,,0.0
Car,Electric,349.78,,0.0
Car,Diesel,421.08,23.32,48.39
Motorcycle,Electric,237.19,,0.0
Car,Electric,18.28,,0.0
Motorcycle,Electric,275.0,,0.0
Bus,Electric,182.64,,0.0
Motorcycle,Electric,469.39,,0.0
Car,Diesel,396.68,13.9,76.48
Bus,Petrol,292.27,5.54,141.39
Motorcycle,Petrol,449.44,51.91,18.18
Bus,Electric,382.92,,0.0
Car,Diesel,139.22,12.55,29.73
Motorcycle,Petrol,184.27,36.73,10.54
Bus,Petrol,403.09,4.94,218.68
Motorcycle,Electric,422.12,,0.0
Car,Petrol,310.38,20.39,35.16
Bus,Electric,337.28,,0.0
Bus,Electric,225.44,,0.0
Car,Petrol,385.58,14.65,60.8
Motorcycle,Electric,160.25,,0.0
Motorcycle,Petrol,379.15,31.83,25.01
Bus,Petrol,422.34,4.08,277.42
Bus,Electric,447.21,,0.0
Bus,Petrol,77.38,4.79,43.29
Motorcycle,Electric,490.69,,0.0
Bus,Electric,162.56,,0.0
Motorcycle,Petrol,220.89,30.06,15.43
Bus,Petrol,60.56,5.07,32.01
Motorcycle,Electric,90.09,,0.0
Motorcycle,Petrol,254.03,48.02,11.11
Motorcycle,Petrol,87.55,79.37,2.32
Car,Petrol,197.45,10.1,45.16
Car,Hybrid,266.37,17.19,23.24
Bus,Electric,243.52,,0.0
Bus,Electric,251.09,,0.0
Car,Electric,418.7,,0.0
Car,Petrol,306.85,20.75,34.16
Car,Diesel,414.09,18.91,58.69
Car,Electric,211.17,,0.0
Car,Petrol,64.15,10.32,14.36
Car,Diesel,173.58,18.51,25.13
Motorcycle,Electric,311.78,,0.0
Bus,Electric,22.98,,0.0
Motorcycle,Petrol,233.93,78.02,6.3
Bus,Electric,233.39,,0.0
Car,Diesel,453.62,18.18,66.87
Car,Diesel,489.49,23.34,56.21
Car,Petrol,479.93,23.37,47.44
Car,Diesel,20.66,19.72,2.81
Motorcycle,Electric,382.64,,0.0
Motorcycle,Electric,374.8,,0.0
Motorcycle,Electric,170.16,,0.0
Bus,Petrol,282.17,5.69,132.9
Bus,Electric,206.52,,0.0
Bus,Petrol,275.18,4.01,183.91
Motorcycle,Electric,175.6,,0.0
Car,Electric,213.85,,0.0
Bus,Electric,192.07,,0.0
Car,Petrol,236.64,17.1,31.97
Motorcycle,Electric,234.17,,0.0
Bus,Electric,248.07,,0.0
Motorcycle,Electric,351.9,,0.0
Bus,Electric,410.13,,0.0
Motorcycle,Petrol,323.06,69.79,9.72
Bus,Electric,370.85,,0.0
Motorcycle,Electric,27.47,,0.0
Motorcycle,Electric,379.35,,0.0
Car,Diesel,142.79,12.54,30.52
Bus,Petrol,365.47,4.32,226.73
Bus,Electric,492.04,,0.0
Car,Diesel,287.72,24.35,31.67
Car,Diesel,120.07,20.55,15.66
Bus,Electric,202.59,,0.0
Car,Electric,141.69,,0.0
Motorcycle,Electric,499.55,,0.0
Car,Diesel,179.24,10.84,44.31
Car,Electric,202.92,,0.0
Bus,Petrol,415.41,3.97,280.43
Bus,Electric,492.17,,0.0
Bus,Petrol,33.67,4.53,19.92
Bus,Electric,461.09,,0.0
Car,Electric,50.74,,0.0
Motorcycle,Petrol,308.38,41.61,15.56
Motorcycle,Petrol,250.04,63.5,8.27
Motorcycle,Electric,216.12,,0.0
Bus,Electric,118.53,,0.0
Motorcycle,Petrol,493.39,53.29,19.44
Car,Diesel,441.65,11.91,99.38
Bus,Electric,250.53,,0.0
Motorcycle,Petrol,41.95,38.31,2.3
Motorcycle,Petrol,271.0,63.31,8.99
Car,Hybrid,335.87,14.63,34.44
Motorcycle,Electric,276.46,,0.0
Bus,Electric,99.38,,0.0
Motorcycle,Petrol,43.33,57.29,1.59
Motorcycle,Petrol,246.66,32.66,15.86
Bus,Petrol,422.42,5.23,216.46
Car,Diesel,397.0,22.74,46.79
Bus,Electric,403.4,,0.0
Bus,Petrol,217.39,3.38,172.37
Bus,Petrol,496.99,3.71,359.01
Motorcycle,Petrol,122.92,55.63,4.64
Bus,Petrol,233.02,4.27,146.25
Car,Hybrid,474.42,22.76,31.27
Bus,Petrol,418.29,5.62,199.47
Car,Diesel,352.05,13.81,68.32
Bus,Electric,323.36,,0.0
Motorcycle,Electric,41.04,,0.0
Bus,Petrol,183.67,4.45,110.61
Bus,Electric,128.28,,0.0
Bus,Petrol,277.58,4.82,154.34
Car,Diesel,403.88,12.15,89.09
Motorcycle,Electric,36.58,,0.0
Bus,Petrol,200.48,5.07,105.97
Motorcycle,Electric,45.55,,0.0
Motorcycle,Electric,59.3,,0.0
Car,Electric,378.18,,0.0
Bus,Electric,149.09,,0.0
Car,Petrol,443.5,22.42,45.7
Car,Diesel,158.55,21.87,19.43
Car,Hybrid,66.16,19.16,5.18
Motorcycle,Petrol,211.28,56.05,7.92
Motorcycle,Petrol,288.38,74.76,8.1
Bus,Electric,220.51,,0.0
Bus,Electric,11.64,,0.0
Bus,Petrol,396.54,3.44,308.93
Motorcycle,Petrol,164.63,70.66,4.89
Motorcycle,Electric,467.99,,0.0
Motorcycle,Electric,49.22,,0.0
Bus,Electric,107.8,,0.0
Car,Diesel,20.8,9.74,5.72
Car,Electric,84.26,,0.0
Motorcycle,Electric,295.08,,0.0
Bus,Petrol,161.5,5.25,82.44
Car,Electric,185.32,,0.0
Car,Hybrid,425.51,16.32,39.11
Car,Diesel,330.01,14.92,59.28
Bus,Electric,300.34,,0.0
Bus,Electric,451.41,,0.0
Car,Diesel,472.94,13.32,95.16
Motorcycle,Electric,433.02,,0.0
Motorcycle,Petrol,173.15,43.53,8.35
Bus,Electric,137.78,,0.0
Bus,Electric,193.01,,0.0
Car,Diesel,444.88,20.94,56.94
Motorcycle,Electric,122.69,,0.0
Car,Petrol,423.6,18.94,51.66
Motorcycle,Petrol,421.03,67.13,13.17
Car,Hybrid,101.9,12.28,12.45
Bus,Petrol,220.51,5.24,112.78
Motorcycle,Petrol,111.15,51.47,4.53
Motorcycle,Petrol,15.25,38.11,0.84
Car,Petrol,153.64,9.91,35.81
Motorcycle,Petrol,67.47,45.17,3.14
Bus,Electric,28.48,,0.0
Bus,Electric,28.97,,0.0
Bus,Petrol,369.51,5.64,175.58
Car,Petrol,44.61,16.94,6.08
Motorcycle,Petrol,205.05,77.67,5.54
Bus,Electric,101.05,,0.0
Bus,Electric,120.92,,0.0
Motorcycle,Petrol,218.08,51.66,8.87
Car,Petrol,45.05,13.2,7.88
Bus,Electric,29.66,,0.0
Motorcycle,Electric,410.0,,0.0
Car,Diesel,414.39,16.75,66.3
Car,Diesel,23.37,9.92,6.31
Bus,Electric,12.16,,0.0
Bus,Electric,303.67,,0.0
Car,Diesel,126.53,8.47,40.04
Bus,Electric,234.08,,0.0
Motorcycle,Petrol,326.08,77.25,8.86
Car,Petrol,174.78,21.05,19.18
Car,Petrol,484.14,10.84,103.17
Bus,Petrol,425.65,5.24,217.7
Motorcycle,Petrol,251.21,64.1,8.23
Motorcycle,Electric,400.36,,0.0
Bus,Electric,281.87,,0.0
Car,Hybrid,253.21,10.13,37.49
Bus,Petrol,229.64,4.85,126.89
Car,Hybrid,363.24,24.01,22.69
Car,Diesel,86.76,17.05,13.64
Motorcycle,Petrol,102.9,41.93,5.15
Motorcycle,Electric,102.2,,0.0
Car,Diesel,490.8,20.79,63.27
Motorcycle,Electric,473.27,,0.0
Car,Petrol,69.97,19.96,8.1
Bus,Petrol,105.98,3.4,83.54
Motorcycle,Electric,344.98,,0.0
Bus,Electric,128.21,,0.0
Bus,Petrol,53.57,5.56,25.82
Bus,Electric,39.82,,0.0
Car,Petrol,107.97,22.78,10.95
Bus,Petrol,152.45,4.33,94.36
Bus,Petrol,400.5,4.03,266.34
Bus,Petrol,30.19,5.13,15.77
Bus,Electric,165.08,,0.0
Motorcycle,Electric,70.41,,0.0
Motorcycle,Petrol,233.98,30.4,16.16
Motorcycle,Petrol,156.07,42.95,7.63
Motorcycle,Petrol,318.82,46.79,14.31
Motorcycle,Petrol,399.0,40.83,20.52
Car,Hybrid,438.28,15.72,41.82
Car,Hybrid,458.79,24.4,28.2
Car,Diesel,89.09,23.27,10.26
Motorcycle,Petrol,208.3,34.27,12.76
Bus,Petrol,346.11,5.66,163.88
Car,Electric,472.13,,0.0
Car,Diesel,409.22,23.11,47.46
Motorcycle,Electric,337.52,,0.0
Car,Hybrid,433.68,23.91,27.21
Motorcycle,Petrol,476.2,33.0,30.3
Car,Hybrid,168.69,17.1,14.8
Motorcycle,Electric,5.16,,0.0
Bus,Electric,495.79,,0.0
Motorcycle,Electric,34.22,,0.0
Car,Hybrid,277.42,19.83,20.98
Car,Hybrid,9.02,20.24,0.67
Motorcycle,Electric,310.64,,0.0
Car,Hybrid,329.72,13.68,36.15
Motorcycle,Petrol,23.32,33.83,1.45
Bus,Petrol,302.51,5.79,140.02
Car,Diesel,283.46,11.57,65.66
Bus,Electric,131.84,,0.0
Bus,Petrol,424.56,4.02,283.04
Car,Diesel,115.62,23.21,13.35
Bus,Petrol,252.71,4.11,164.78
Motorcycle,Petrol,409.36,53.93,15.94
Bus,Electric,372.36,,0.0
Bus,Petrol,379.5,3.61,281.73
Car,Electric,184.81,,0.0
Car,Electric,70.23,,0.0
Bus,Electric,212.92,,0.0
Motorcycle,Electric,350.6,,0.0
Bus,Electric,146.86,,0.0
Bus,Electric,286.9,,0.0
Motorcycle,Electric,374.7,,0.0
Motorcycle,Petrol,497.67,32.5,32.16
Bus,Petrol,288.6,5.25,147.32
Car,Petrol,190.36,23.53,18.69
Bus,Electric,17.22,,0.0
Bus,Electric,160.97,,0.0
Car,Electric,192.31,,0.0
Motorcycle,Electric,209.6,,0.0
Car,Electric,37.06,,0.0
Bus,Electric,79.64,,0.0
Motorcycle,Electric,478.78,,0.0
Motorcycle,Electric,42.39,,0.0
Motorcycle,Petrol,444.77,46.52,20.08
Motorcycle,Electric,171.56,,0.0
Bus,Petrol,158.57,3.11,136.65
Car,Petrol,428.63,13.52,73.23
Bus,Petrol,359.56,4.12,233.89
Car,Hybrid,20.89,15.27,2.05
Motorcycle,Petrol,181.67,60.17,6.34
Car,Hybrid,181.18,16.2,16.78
Bus,Electric,198.25,,0.0
Bus,Petrol,430.27,5.5,209.66
Bus,Petrol,283.7,5.17,147.06
Bus,Electric,161.57,,0.0
Bus,Electric,419.59,,0.0
Car,Hybrid,90.37,23.04,5.88
Bus,Electric,241.17,,0.0
Car,Petrol,377.8,15.32,56.97
Motorcycle,Electric,67.89,,0.0
Motorcycle,Electric,245.93,,0.0
Car,Hybrid,182.94,20.04,13.69
Bus,Electric,248.52,,0.0
Bus,Petrol,457.49,4.18,293.32
Car,Electric,109.62,,0.0
Motorcycle,Petrol,108.37,57.37,3.97
Bus,Petrol,268.19,3.82,188.15
Motorcycle,Electric,380.6,,0.0
Car,Hybrid,86.58,22.81,5.69
Bus,Electric,491.74,,0.0
Bus,Petrol,175.76,4.15,113.5
Bus,Petrol,77.04,3.35,61.63
Car,Petrol,205.52,13.56,35.01
Car,Diesel,268.97,9.51,75.8
Car,Electric,161.85,,0.0
Motorcycle,Petrol,102.04,53.49,4.01
Car,Petrol,388.66,11.15,80.52
Motorcycle,Electric,370.99,,0.0
Bus,Petrol,316.56,4.78,177.49
Motorcycle,Petrol,42.21,76.55,1.16
Motorcycle,Petrol,271.23,30.24,18.84
Car,Diesel,271.68,11.63,62.61
Car,Petrol,491.64,17.51,64.86
Motorcycle,Petrol,277.78,40.55,14.39
Bus,Electric,389.68,,0.0
Car,Diesel,103.19,11.49,24.07
Car,Petrol,345.02,24.07,33.11
Car,Petrol,29.25,8.78,7.7
Car,Diesel,483.14,20.39,63.5
Motorcycle,Electric,19.91,,0.0
Bus,Electric,374.16,,0.0
Bus,Petrol,479.5,5.33,241.1
Motorcycle,Petrol,492.6,57.81,17.89
Motorcycle,Electric,20.45,,0.0
Car,Petrol,162.15,11.99,31.24
Bus,Petrol,360.4,3.18,303.73
Motorcycle,Petrol,465.86,70.01,13.97
Motorcycle,Petrol,476.39,77.51,12.91
Car,Petrol,388.62,22.58,39.76
Motorcycle,Electric,290.0,,0.0
Car,Diesel,271.11,9.52,76.32
Motorcycle,Petrol,451.18,31.55,30.03
Bus,Petrol,350.85,5.53,170.03
Car,Diesel,499.79,10.27,130.42
Motorcycle,Petrol,131.83,73.66,3.76
Car,Diesel,449.0,13.55,88.81
Bus,Electric,345.4,,0.0
Car,Petrol,79.92,22.27,8.29
Motorcycle,Electric,331.29,,0.0
Motorcycle,Electric,97.02,,0.0
Motorcycle,Petrol,29.57,54.37,1.14
Car,Diesel,131.19,18.92,18.58
Car,Hybrid,93.07,17.65,7.91
Car,Electric,15.0,,0.0
Car,Petrol,200.22,16.99,27.22
Car,Hybrid,351.56,15.66,33.67
Bus,Petrol,206.8,4.47,123.99
Car,Diesel,478.35,21.04,60.93
Car,Electric,221.0,,0.0
Motorcycle,Petrol,234.64,79.63,6.19
Car,Petrol,481.55,19.83,56.1
Bus,Petrol,255.48,3.3,207.48
Bus,Electric,65.38,,0.0
Bus,Electric,490.96,,0.0
Bus,Electric,433.93,,0.0
Motorcycle,Electric,412.62,,0.0
Motorcycle,Petrol,241.45,77.82,6.52
Bus,Petrol,466.8,4.0,312.76
Bus,Petrol,99.7,5.74,46.55
Bus,Electric,228.27,,0.0
Motorcycle,Electric,73.81,,0.0
Car,Diesel,403.49,19.43,55.65
Motorcycle,Electric,295.05,,0.0
Car,Hybrid,293.33,17.73,24.82
Motorcycle,Petrol,115.3,45.51,5.32
Bus,Electric,37.0,,0.0
Motorcycle,Petrol,407.6,44.21,19.36
Motorcycle,Electric,420.74,,0.0
Car,Diesel,365.27,13.15,74.44
Bus,Electric,352.48,,0.0
Bus,Electric,357.22,,0.0
Car,Petrol,7.9,9.67,1.89
Car,Hybrid,453.55,24.01,28.34
Motorcycle,Electric,463.11,,0.0
Motorcycle,Petrol,218.39,30.69,14.94
Bus,Petrol,371.5,3.78,263.39
Motorcycle,Electric,386.2,,0.0
Motorcycle,Electric,283.37,,0.0
Bus,Petrol,180.3,5.01,96.45
Car,Diesel,37.25,11.3,8.83
Bus,Petrol,499.41,3.37,397.16
Car,Diesel,446.79,20.86,57.4
Bus,Electric,257.69,,0.0
Car,Petrol,154.03,17.42,20.43
Car,Petrol,104.43,16.55,14.58
Motorcycle,Electric,191.61,,0.0
Car,Petrol,379.72,22.43,39.11
Car,Hybrid,47.13,13.12,5.39
Car,Diesel,31.9,21.69,3.94
Bus,Petrol,92.29,4.95,49.97
Car,Hybrid,126.59,23.49,8.08
Bus,Petrol,116.54,3.55,87.98
Car,Hybrid,164.57,8.49,29.08
Motorcycle,Electric,384.83,,0.0
Motorcycle,Electric,461.65,,0.0
Motorcycle,Electric,281.99,,0.0
Bus,Petrol,426.03,5.88,194.18
Bus,Petrol,491.71,4.0,329.45
Car,Hybrid,112.48,22.81,7.4
Car,Petrol,192.13,20.15,22.03
Bus,Electric,364.15,,0.0
Car,Petrol,222.67,21.8,23.59
Car,Petrol,120.2,20.4,13.61
Motorcycle,Electric,200.96,,0.0
Bus,Electric,430.37,,0.0
Bus,Electric,9.01,,0.0
Motorcycle,Petrol,359.7,35.79,21.11
Car,Electric,485.72,,0.0
Bus,Petrol,38.08,3.61,28.27
Bus,Electric,57.61,,0.0
Motorcycle,Electric,65.18,,0.0
Bus,Petrol,376.12,5.98,168.56
Bus,Petrol,119.4,5.93,53.96
Motorcycle,Electric,435.71,,0.0
Bus,Electric,472.42,,0.0
Car,Petrol,328.5,11.96,63.45
Bus,Electric,146.28,,0.0
Bus,Electric,120.4,,0.0
Car,Diesel,282.15,11.88,63.65
Bus,Electric,118.08,,0.0
Car,Diesel,465.68,22.16,56.32
Motorcycle,Electric,32.59,,0.0
Motorcycle,Petrol,37.53,40.81,1.93
Motorcycle,Petrol,112.85,53.29,4.45
Car,Petrol,395.57,21.88,41.76
Bus,Petrol,411.3,3.41,323.25
Car,Electric,295.76,,0.0
Motorcycle,Electric,104.62,,0.0
Bus,Petrol,91.1,3.86,63.25
Motorcycle,Electric,290.63,,0.0
Car,Electric,52.79,,0.0
Car,Petrol,496.57,15.82,72.51
Motorcycle,Petrol,193.51,74.98,5.42
Bus,Electric,352.57,,0.0
Car,Diesel,185.34,24.0,20.7
Bus,Petrol,102.52,4.45,61.74
Motorcycle,Electric,432.19,,0.0
Motorcycle,Petrol,201.26,30.73,13.75
Bus,Petrol,71.88,3.11,61.94
Bus,Petrol,334.21,4.75,188.56
Bus,Electric,7.9,,0.0
Motorcycle,Electric,17.15,,0.0
Car,Petrol,13.69,24.61,1.29
Car,Petrol,373.06,12.76,67.54
Bus,Petrol,366.18,5.1,192.42
Motorcycle,Electric,78.55,,0.0
Motorcycle,Petrol,365.04,42.67,17.97
Bus,Petrol,54.62,3.55,41.23
Motorcycle,Petrol,241.22,36.97,13.7
Motorcycle,Electric,102.24,,0.0
Motorcycle,Petrol,494.75,53.43,19.45
Motorcycle,Electric,83.34,,0.0
Bus,Petrol,489.72,3.73,351.86
Bus,Petrol,178.72,4.51,106.2
Bus,Petrol,399.37,5.94,180.19
Motorcycle,Electric,99.73,,0.0
Bus,Petrol,26.68,4.72,15.15
Motorcycle,Electric,112.51,,0.0
Bus,Electric,50.18,,0.0
Bus,Electric,488.13,,0.0
Motorcycle,Petrol,480.83,61.96,16.3
Bus,Petrol,44.06,3.43,34.43
Car,Hybrid,373.18,15.16,36.92
Bus,Electric,337.43,,0.0
Bus,Electric,416.44,,0.0
Motorcycle,Petrol,296.55,31.57,19.73
Car,Hybrid,477.98,22.75,31.52
Car,Electric,449.56,,0.0
Motorcycle,Petrol,366.86,70.13,10.99
Car,Electric,306.83,,0.0
Bus,Petrol,481.63,4.77,270.6
Motorcycle,Petrol,357.25,48.66,15.42
Car,Electric,299.86,,0.0
Motorcycle,Petrol,444.41,47.52,19.64
Motorcycle,Electric,184.86,,0.0
Motorcycle,Petrol,231.02,43.78,11.08
Motorcycle,Electric,5.16,,0.0
Bus,Electric,120.45,,0.0
Bus,Petrol,377.45,4.91,206.02
Motorcycle,Electric,150.36,,0.0
Motorcycle,Petrol,424.35,50.41,17.68
Car,Petrol,392.56,14.15,64.09
Motorcycle,Petrol,13.04,79.0,0.35
Motorcycle,Electric,227.69,,0.0
Motorcycle,Petrol,315.01,46.81,14.13
Car,Electric,56.48,,0.0
Car,Petrol,91.17,19.91,10.58
Car,Petrol,264.98,12.04,50.84
Motorcycle,Petrol,211.02,67.21,6.59
Car,Diesel,318.88,16.4,52.11
Bus,Petrol,315.03,4.63,182.35
Motorcycle,Petrol,413.05,54.45,15.93
Bus,Petrol,15.15,4.96,8.19
Car,Diesel,209.81,20.75,27.1
Motorcycle,Petrol,345.94,51.46,14.12
Car,Diesel,418.84,18.4,61.0
Bus,Electric,76.52,,0.0
Bus,Petrol,325.61,3.71,235.21
Motorcycle,Petrol,76.07,48.59,3.29
Car,Petrol,344.87,19.24,41.41
Bus,Petrol,107.05,4.96,57.84
Car,Electric,246.56,,0.0
Motorcycle,Electric,371.57,,0.0
Bus,Petrol,387.02,5.62,184.56
Car,Diesel,162.52,8.4,51.85
Motorcycle,Electric,279.96,,0.0
Car,Electric,481.93,,0.0
Car,Electric,82.24,,0.0
Car,Hybrid,469.75,19.2,36.7
Car,Diesel,415.07,19.39,57.37
Car,Hybrid,76.14,8.75,13.05
Bus,Petrol,392.12,5.93,177.21
Car,Electric,494.8,,0.0
Car,Diesel,197.6,10.42,50.82
Bus,Electric,174.81,,0.0
Bus,Petrol,34.04,5.19,17.58
Bus,Petrol,230.91,3.88,159.49
Motorcycle,Petrol,311.79,32.06,20.42
Motorcycle,Petrol,43.54,64.41,1.42
Motorcycle,Petrol,6.19,64.76,0.2
Bus,Petrol,487.18,4.05,322.38
Motorcycle,Electric,443.6,,0.0
